listing_id,date,vacant_days,reserved_days,occupancy,revenue,rate_avg,booked_rate_avg,booking_lead_time_avg,length_of_stay_avg,min_nights_avg,native_booked_rate_avg,native_rate_avg,native_revenue
8057065,2026-08-01,31,0,0.0,0.0,103.4,,,,1,,8848.0,0.0
8057065,2026-09-01,30,0,0.0,0.0,101.9,,,,1,,8719.0,0.0
8057065,2026-10-01,31,0,0.0,0.0,103.2,,,,1,,8831.0,0.0
8057065,2026-11-01,30,0,0.0,0.0,104.0,,,,1,,8899.0,0.0
8057065,2026-12-01,31,0,0.0,0.0,101.4,,,,1,,8677.0,0.0
8057065,2027-01-01,31,0,0.0,0.0,102.0,,,,1,,8728.0,0.0
8057065,2027-02-01,28,0,0.0,0.0,104.0,,,,1,,8899.0,0.0
8057065,2027-03-01,31,0,0.0,0.0,101.7,,,,1,,8702.0,0.0
8057065,2027-04-01,30,0,0.0,0.0,99.7,,,,1,,8531.0,0.0
8057065,2027-05-01,31,0,0.0,0.0,100.3,,,,1,,8582.0,0.0
8057065,2027-06-01,30,0,0.0,0.0,99.7,,,,,,8531.0,0.0
8057065,2027-07-01,31,0,0.0,0.0,99.3,,,,,,8497.0,0.0
494512,2026-08-01,31,0,0.0,0.0,29.6,,,,1,,2533.0,0.0
494512,2026-09-01,30,0,0.0,0.0,29.7,,,,1,,2541.0,0.0
494512,2026-10-01,31,0,0.0,0.0,30.4,,,,1,,2601.0,0.0
494512,2026-11-01,30,0,0.0,0.0,30.7,,,,1,,2627.0,0.0
494512,2026-12-01,31,0,0.0,0.0,30.5,,,,1,,2610.0,0.0
494512,2027-01-01,31,0,0.0,0.0,30.7,,,,1,,2627.0,0.0
494512,2027-02-01,28,0,0.0,0.0,29.4,,,,1,,2516.0,0.0
494512,2027-03-01,31,0,0.0,0.0,29.4,,,,1,,2516.0,0.0
494512,2027-04-01,30,0,0.0,0.0,29.6,,,,1,,2533.0,0.0
494512,2027-05-01,31,0,0.0,0.0,29.5,,,,1,,2524.0,0.0
494512,2027-06-01,30,0,0.0,0.0,29.6,,,,,,2533.0,0.0
494512,2027-07-01,31,0,0.0,0.0,29.5,,,,,,2524.0,0.0
18922644,2026-08-01,31,0,0.0,0.0,37.9,,,,1,,3243.0,0.0
18922644,2026-09-01,30,0,0.0,0.0,40.0,,,,1,,3423.0,0.0
18922644,2026-10-01,31,0,0.0,0.0,40.2,,,,1,,3440.0,0.0
18922644,2026-11-01,30,0,0.0,0.0,39.2,,,,1,,3354.0,0.0
18922644,2026-12-01,31,0,0.0,0.0,38.5,,,,1,,3294.0,0.0
18922644,2027-01-01,31,0,0.0,0.0,39.4,,,,1,,3371.0,0.0
18922644,2027-02-01,28,0,0.0,0.0,38.6,,,,1,,3303.0,0.0
18922644,2027-03-01,31,0,0.0,0.0,39.3,,,,1,,3363.0,0.0
18922644,2027-04-01,30,0,0.0,0.0,36.6,,,,1,,3132.0,0.0
18922644,2027-05-01,31,0,0.0,0.0,36.6,,,,1,,3132.0,0.0
18922644,2027-06-01,30,0,0.0,0.0,36.4,,,,1,,3115.0,0.0
18922644,2027-07-01,31,0,0.0,0.0,36.5,,,,,,3123.0,0.0
4550159,2026-08-01,31,0,0.0,0.0,13.5,,,,2,,1155.0,0.0
4550159,2026-09-01,28,2,0.067,31.0,14.2,15.5,174,13,2,1326.0,1215.0,2653.0
4550159,2026-10-01,20,11,0.355,154.0,14.1,14.0,,,2,1198.0,1207.0,13177.0
4550159,2026-11-01,30,0,0.0,0.0,13.1,,,,2,,1121.0,0.0
4550159,2026-12-01,31,0,0.0,0.0,12.7,,,,2,,1087.0,0.0
4550159,2027-01-01,31,0,0.0,0.0,12.4,,,,2,,1061.0,0.0
4550159,2027-02-01,28,0,0.0,0.0,12.3,,,,2,,1052.0,0.0
4550159,2027-03-01,31,0,0.0,0.0,12.5,,,,2,,1070.0,0.0
4550159,2027-04-01,30,0,0.0,0.0,12.8,,,,2,,1095.0,0.0
4550159,2027-05-01,31,0,0.0,0.0,12.6,,,,2,,1078.0,0.0
4550159,2027-06-01,30,0,0.0,0.0,12.8,,,,2,,1095.0,0.0
4550159,2027-07-01,31,0,0.0,0.0,12.6,,,,2,,1078.0,0.0
16104987,2026-08-01,31,0,0.0,0.0,12.4,,,,1,,1061.0,0.0
16104987,2026-09-01,30,0,0.0,0.0,12.1,,,,1,,1035.0,0.0
16104987,2026-10-01,31,0,0.0,0.0,12.8,,,,1,,1095.0,0.0
16104987,2026-11-01,30,0,0.0,0.0,11.2,,,,1,,958.0,0.0
16104987,2026-12-01,31,0,0.0,0.0,10.9,,,,1,,933.0,0.0
16104987,2027-01-01,31,0,0.0,0.0,10.2,,,,1,,873.0,0.0
16104987,2027-02-01,28,0,0.0,0.0,10.0,,,,1,,856.0,0.0
16104987,2027-03-01,31,0,0.0,0.0,10.6,,,,1,,907.0,0.0
16104987,2027-04-01,30,0,0.0,0.0,11.4,,,,1,,975.0,0.0
16104987,2027-05-01,31,0,0.0,0.0,11.2,,,,1,,958.0,0.0
16104987,2027-06-01,30,0,0.0,0.0,11.2,,,,1,,958.0,0.0
16104987,2027-07-01,31,0,0.0,0.0,11.1,,,,,,950.0,0.0
8696450,2026-08-01,31,0,0.0,0.0,46.3,,,,1,,3962.0,0.0
8696450,2026-09-01,30,0,0.0,0.0,46.9,,,,1,,4013.0,0.0
8696450,2026-10-01,31,0,0.0,0.0,46.3,,,,1,,3962.0,0.0
8696450,2026-11-01,30,0,0.0,0.0,46.3,,,,1,,3962.0,0.0
8696450,2026-12-01,31,0,0.0,0.0,45.6,,,,1,,3902.0,0.0
8696450,2027-01-01,31,0,0.0,0.0,46.2,,,,1,,3953.0,0.0
8696450,2027-02-01,28,0,0.0,0.0,46.7,,,,1,,3996.0,0.0
8696450,2027-03-01,31,0,0.0,0.0,46.8,,,,1,,4005.0,0.0
8696450,2027-04-01,30,0,0.0,0.0,47.5,,,,1,,4064.0,0.0
8696450,2027-05-01,31,0,0.0,0.0,46.9,,,,1,,4013.0,0.0
8696450,2027-06-01,30,0,0.0,0.0,46.8,,,,1,,4005.0,0.0
8696450,2027-07-01,31,0,0.0,0.0,47.0,,,,,,4022.0,0.0
8452000,2026-08-01,31,0,0.0,0.0,16.6,,,,1,,1420.0,0.0
8452000,2026-09-01,30,0,0.0,0.0,16.7,,,,1,,1429.0,0.0
8452000,2026-10-01,31,0,0.0,0.0,16.9,,,,1,,1446.0,0.0
8452000,2026-11-01,30,0,0.0,0.0,16.9,,,,1,,1446.0,0.0
8452000,2026-12-01,31,0,0.0,0.0,17.0,,,,1,,1455.0,0.0
8452000,2027-01-01,31,0,0.0,0.0,17.0,,,,1,,1455.0,0.0
8452000,2027-02-01,28,0,0.0,0.0,17.6,,,,1,,1506.0,0.0
8452000,2027-03-01,31,0,0.0,0.0,16.7,,,,1,,1429.0,0.0
8452000,2027-04-01,30,0,0.0,0.0,15.9,,,,1,,1361.0,0.0
8452000,2027-05-01,31,0,0.0,0.0,15.7,,,,1,,1343.0,0.0
8452000,2027-06-01,30,0,0.0,0.0,14.5,,,,1,,1241.0,0.0
8452000,2027-07-01,31,0,0.0,0.0,14.6,,,,,,1249.0,0.0
19478023,2026-08-01,31,0,0.0,0.0,47.3,,,,1,,4047.0,0.0
19478023,2026-09-01,30,0,0.0,0.0,46.9,,,,1,,4013.0,0.0
19478023,2026-10-01,31,0,0.0,0.0,44.6,,,,1,,3816.0,0.0
19478023,2026-11-01,30,0,0.0,0.0,43.6,,,,1,,3731.0,0.0
19478023,2026-12-01,31,0,0.0,0.0,43.6,,,,1,,3731.0,0.0
19478023,2027-01-01,31,0,0.0,0.0,44.0,,,,1,,3765.0,0.0
19478023,2027-02-01,28,0,0.0,0.0,44.0,,,,1,,3765.0,0.0
19478023,2027-03-01,31,0,0.0,0.0,44.4,,,,1,,3799.0,0.0
19478023,2027-04-01,30,0,0.0,0.0,44.3,,,,1,,3791.0,0.0
19478023,2027-05-01,31,0,0.0,0.0,44.2,,,,1,,3782.0,0.0
19478023,2027-06-01,30,0,0.0,0.0,43.3,,,,1,,3705.0,0.0
19478023,2027-07-01,31,0,0.0,0.0,43.0,,,,,,3679.0,0.0
13400094,2026-08-01,31,0,0.0,0.0,47.9,,,,1,,4099.0,0.0
13400094,2026-09-01,30,0,0.0,0.0,37.0,,,,1,,3166.0,0.0
13400094,2026-10-01,31,0,0.0,0.0,38.8,,,,1,,3320.0,0.0
13400094,2026-11-01,30,0,0.0,0.0,37.3,,,,1,,3192.0,0.0
13400094,2026-12-01,31,0,0.0,0.0,36.8,,,,1,,3149.0,0.0
13400094,2027-01-01,31,0,0.0,0.0,37.2,,,,1,,3183.0,0.0
13400094,2027-02-01,28,0,0.0,0.0,36.2,,,,1,,3098.0,0.0
13400094,2027-03-01,31,0,0.0,0.0,36.0,,,,1,,3080.0,0.0
13400094,2027-04-01,30,0,0.0,0.0,36.3,,,,1,,3106.0,0.0
13400094,2027-05-01,31,0,0.0,0.0,34.4,,,,1,,2944.0,0.0
13400094,2027-06-01,30,0,0.0,0.0,34.1,,,,1,,2918.0,0.0
13400094,2027-07-01,31,0,0.0,0.0,34.2,,,,1,,2926.0,0.0
17048293,2026-08-01,31,0,0.0,0.0,68.5,,,,1,,5861.0,0.0
17048293,2026-09-01,30,0,0.0,0.0,67.4,,,,1,,5767.0,0.0
17048293,2026-10-01,31,0,0.0,0.0,67.1,,,,1,,5742.0,0.0
17048293,2026-11-01,30,0,0.0,0.0,67.2,,,,1,,5750.0,0.0
17048293,2026-12-01,31,0,0.0,0.0,68.5,,,,1,,5861.0,0.0
17048293,2027-01-01,31,0,0.0,0.0,66.8,,,,1,,5716.0,0.0
17048293,2027-02-01,28,0,0.0,0.0,67.1,,,,1,,5742.0,0.0
17048293,2027-03-01,31,0,0.0,0.0,67.7,,,,1,,5793.0,0.0
17048293,2027-04-01,30,0,0.0,0.0,67.2,,,,1,,5750.0,0.0
17048293,2027-05-01,31,0,0.0,0.0,66.3,,,,1,,5673.0,0.0
17048293,2027-06-01,30,0,0.0,0.0,66.4,,,,1,,5682.0,0.0
17048293,2027-07-01,31,0,0.0,0.0,67.1,,,,1,,5742.0,0.0
19559735,2026-08-01,31,0,0.0,0.0,11.1,,,,1,,950.0,0.0
19559735,2026-09-01,30,0,0.0,0.0,10.2,,,,1,,873.0,0.0
19559735,2026-10-01,31,0,0.0,0.0,10.1,,,,1,,864.0,0.0
19559735,2026-11-01,30,0,0.0,0.0,10.2,,,,1,,873.0,0.0
19559735,2026-12-01,31,0,0.0,0.0,10.7,,,,1,,916.0,0.0
19559735,2027-01-01,31,0,0.0,0.0,11.3,,,,1,,967.0,0.0
19559735,2027-02-01,28,0,0.0,0.0,10.6,,,,1,,907.0,0.0
19559735,2027-03-01,31,0,0.0,0.0,10.5,,,,1,,898.0,0.0
19559735,2027-04-01,30,0,0.0,0.0,10.9,,,,1,,933.0,0.0
19559735,2027-05-01,31,0,0.0,0.0,10.6,,,,1,,907.0,0.0
19559735,2027-06-01,30,0,0.0,0.0,10.8,,,,,,924.0,0.0
19559735,2027-07-01,31,0,0.0,0.0,10.8,,,,,,924.0,0.0
7608723,2026-08-01,31,0,0.0,0.0,46.0,,,,1,,3936.0,0.0
7608723,2026-09-01,30,0,0.0,0.0,45.1,,,,2,,3859.0,0.0
7608723,2026-10-01,31,0,0.0,0.0,45.1,,,,2,,3859.0,0.0
7608723,2026-11-01,30,0,0.0,0.0,44.9,,,,2,,3842.0,0.0
7608723,2026-12-01,31,0,0.0,0.0,45.1,,,,2,,3859.0,0.0
7608723,2027-01-01,31,0,0.0,0.0,47.5,,,,2,,4064.0,0.0
7608723,2027-02-01,28,0,0.0,0.0,47.2,,,,2,,4039.0,0.0
7608723,2027-03-01,31,0,0.0,0.0,47.4,,,,2,,4056.0,0.0
7608723,2027-04-01,30,0,0.0,0.0,47.4,,,,2,,4056.0,0.0
7608723,2027-05-01,31,0,0.0,0.0,47.7,,,,2,,4082.0,0.0
7608723,2027-06-01,30,0,0.0,0.0,47.5,,,,2,,4064.0,0.0
7608723,2027-07-01,31,0,0.0,0.0,47.4,,,,,,4056.0,0.0
7285369,2026-08-01,31,0,0.0,0.0,16.9,,,,1,,1446.0,0.0
7285369,2026-09-01,30,0,0.0,0.0,16.6,,,,1,,1420.0,0.0
7285369,2026-10-01,31,0,0.0,0.0,16.8,,,,1,,1438.0,0.0
7285369,2026-11-01,30,0,0.0,0.0,16.6,,,,1,,1420.0,0.0
7285369,2026-12-01,31,0,0.0,0.0,16.6,,,,1,,1420.0,0.0
7285369,2027-01-01,31,0,0.0,0.0,16.5,,,,1,,1412.0,0.0
7285369,2027-02-01,28,0,0.0,0.0,16.6,,,,1,,1420.0,0.0
7285369,2027-03-01,31,0,0.0,0.0,16.0,,,,1,,1369.0,0.0
7285369,2027-04-01,30,0,0.0,0.0,15.7,,,,,,1343.0,0.0
7285369,2027-05-01,31,0,0.0,0.0,15.5,,,,,,1326.0,0.0
7285369,2027-06-01,30,0,0.0,0.0,15.6,,,,,,1335.0,0.0
7285369,2027-07-01,31,0,0.0,0.0,15.9,,,,,,1361.0,0.0
15721725,2026-08-01,31,0,0.0,0.0,55.7,,,,1,,4766.0,0.0
15721725,2026-09-01,30,0,0.0,0.0,54.4,,,,1,,4655.0,0.0
15721725,2026-10-01,31,0,0.0,0.0,53.9,,,,1,,4612.0,0.0
15721725,2026-11-01,30,0,0.0,0.0,53.3,,,,1,,4561.0,0.0
15721725,2026-12-01,31,0,0.0,0.0,51.5,,,,1,,4407.0,0.0
15721725,2027-01-01,31,0,0.0,0.0,52.2,,,,1,,4467.0,0.0
15721725,2027-02-01,28,0,0.0,0.0,52.8,,,,1,,4518.0,0.0
15721725,2027-03-01,31,0,0.0,0.0,53.3,,,,1,,4561.0,0.0
15721725,2027-04-01,30,0,0.0,0.0,53.5,,,,1,,4578.0,0.0
15721725,2027-05-01,31,0,0.0,0.0,52.5,,,,1,,4492.0,0.0
15721725,2027-06-01,30,0,0.0,0.0,53.2,,,,1,,4552.0,0.0
15721725,2027-07-01,31,0,0.0,0.0,55.2,,,,,,4723.0,0.0
16773824,2026-08-01,31,0,0.0,0.0,39.3,,,,1,,3363.0,0.0
16773824,2026-09-01,30,0,0.0,0.0,38.4,,,,1,,3286.0,0.0
16773824,2026-10-01,31,0,0.0,0.0,38.1,,,,1,,3260.0,0.0
16773824,2026-11-01,30,0,0.0,0.0,38.1,,,,1,,3260.0,0.0
16773824,2026-12-01,31,0,0.0,0.0,39.1,,,,1,,3346.0,0.0
16773824,2027-01-01,31,0,0.0,0.0,40.4,,,,1,,3457.0,0.0
16773824,2027-02-01,28,0,0.0,0.0,39.5,,,,1,,3380.0,0.0
16773824,2027-03-01,31,0,0.0,0.0,40.1,,,,1,,3431.0,0.0
16773824,2027-04-01,30,0,0.0,0.0,40.6,,,,1,,3474.0,0.0
16773824,2027-05-01,31,0,0.0,0.0,40.8,,,,1,,3491.0,0.0
16773824,2027-06-01,30,0,0.0,0.0,40.8,,,,1,,3491.0,0.0
16773824,2027-07-01,31,0,0.0,0.0,40.8,,,,1,,3491.0,0.0
18482526,2026-08-01,31,0,0.0,0.0,15.7,,,,1,,1343.0,0.0
18482526,2026-09-01,30,0,0.0,0.0,16.4,,,,1,,1403.0,0.0
18482526,2026-10-01,31,0,0.0,0.0,15.6,,,,1,,1335.0,0.0
18482526,2026-11-01,30,0,0.0,0.0,13.9,,,,1,,1189.0,0.0
18482526,2026-12-01,31,0,0.0,0.0,14.1,,,,1,,1207.0,0.0
18482526,2027-01-01,31,0,0.0,0.0,14.2,,,,1,,1215.0,0.0
18482526,2027-02-01,28,0,0.0,0.0,14.2,,,,1,,1215.0,0.0
18482526,2027-03-01,31,0,0.0,0.0,12.9,,,,1,,1104.0,0.0
18482526,2027-04-01,30,0,0.0,0.0,12.6,,,,1,,1078.0,0.0
18482526,2027-05-01,31,0,0.0,0.0,12.5,,,,1,,1070.0,0.0
18482526,2027-06-01,30,0,0.0,0.0,12.7,,,,1,,1087.0,0.0
18482526,2027-07-01,31,0,0.0,0.0,13.3,,,,1,,1138.0,0.0
14859586,2026-08-01,31,0,0.0,0.0,22.3,,,,1,,1908.0,0.0
14859586,2026-09-01,30,0,0.0,0.0,21.0,,,,1,,1797.0,0.0
14859586,2026-10-01,31,0,0.0,0.0,16.8,,,,1,,1438.0,0.0
14859586,2026-11-01,30,0,0.0,0.0,15.5,,,,1,,1326.0,0.0
14859586,2026-12-01,31,0,0.0,0.0,15.6,,,,1,,1335.0,0.0
14859586,2027-01-01,31,0,0.0,0.0,14.9,,,,1,,1275.0,0.0
14859586,2027-02-01,28,0,0.0,0.0,15.1,,,,1,,1292.0,0.0
14859586,2027-03-01,31,0,0.0,0.0,15.5,,,,1,,1326.0,0.0
14859586,2027-04-01,30,0,0.0,0.0,15.8,,,,1,,1352.0,0.0
14859586,2027-05-01,31,0,0.0,0.0,15.6,,,,1,,1335.0,0.0
14859586,2027-06-01,30,0,0.0,0.0,15.9,,,,1,,1361.0,0.0
14859586,2027-07-01,31,0,0.0,0.0,15.8,,,,,,1352.0,0.0
7792552,2026-08-01,31,0,0.0,0.0,21.8,,,,1,,1865.0,0.0
7792552,2026-09-01,30,0,0.0,0.0,22.6,,,,1,,1934.0,0.0
7792552,2026-10-01,31,0,0.0,0.0,23.1,,,,1,,1977.0,0.0
7792552,2026-11-01,30,0,0.0,0.0,23.4,,,,1,,2002.0,0.0
7792552,2026-12-01,31,0,0.0,0.0,23.2,,,,1,,1985.0,0.0
7792552,2027-01-01,31,0,0.0,0.0,21.7,,,,1,,1857.0,0.0
7792552,2027-02-01,28,0,0.0,0.0,22.0,,,,1,,1882.0,0.0
7792552,2027-03-01,31,0,0.0,0.0,21.7,,,,1,,1857.0,0.0
7792552,2027-04-01,30,0,0.0,0.0,21.4,,,,1,,1831.0,0.0
7792552,2027-05-01,31,0,0.0,0.0,20.4,,,,1,,1746.0,0.0
7792552,2027-06-01,30,0,0.0,0.0,21.1,,,,1,,1805.0,0.0
7792552,2027-07-01,31,0,0.0,0.0,20.7,,,,1,,1771.0,0.0
9080924,2026-08-01,31,0,0.0,0.0,24.0,,,,2,,2054.0,0.0
9080924,2026-09-01,30,0,0.0,0.0,23.7,,,,2,,2028.0,0.0
9080924,2026-10-01,31,0,0.0,0.0,23.8,,,,2,,2037.0,0.0
9080924,2026-11-01,30,0,0.0,0.0,22.1,,,,2,,1891.0,0.0
9080924,2026-12-01,31,0,0.0,0.0,21.4,,,,2,,1831.0,0.0
9080924,2027-01-01,31,0,0.0,0.0,20.2,,,,2,,1728.0,0.0
9080924,2027-02-01,28,0,0.0,0.0,19.6,,,,2,,1677.0,0.0
9080924,2027-03-01,31,0,0.0,0.0,20.1,,,,2,,1720.0,0.0
9080924,2027-04-01,30,0,0.0,0.0,20.3,,,,2,,1737.0,0.0
9080924,2027-05-01,31,0,0.0,0.0,20.9,,,,2,,1788.0,0.0
9080924,2027-06-01,30,0,0.0,0.0,20.9,,,,2,,1788.0,0.0
9080924,2027-07-01,31,0,0.0,0.0,21.2,,,,2,,1814.0,0.0
18054124,2026-08-01,31,0,0.0,0.0,50.8,,,,3,,4347.0,0.0
18054124,2026-09-01,15,15,0.5,770.0,49.9,51.3,56,20,3,4390.0,4270.0,65887.0
18054124,2026-10-01,26,5,0.161,257.0,51.1,51.4,,,3,4398.0,4373.0,21991.0
18054124,2026-11-01,30,0,0.0,0.0,52.8,,,,3,,4518.0,0.0
18054124,2026-12-01,31,0,0.0,0.0,48.9,,,,3,,4184.0,0.0
18054124,2027-01-01,31,0,0.0,0.0,49.0,,,,3,,4193.0,0.0
18054124,2027-02-01,28,0,0.0,0.0,48.6,,,,3,,4159.0,0.0
18054124,2027-03-01,31,0,0.0,0.0,48.8,,,,3,,4176.0,0.0
18054124,2027-04-01,30,0,0.0,0.0,48.8,,,,3,,4176.0,0.0
18054124,2027-05-01,31,0,0.0,0.0,48.5,,,,3,,4150.0,0.0
18054124,2027-06-01,30,0,0.0,0.0,48.7,,,,3,,4167.0,0.0
18054124,2027-07-01,31,0,0.0,0.0,48.7,,,,3,,4167.0,0.0
15850031,2026-08-01,31,0,0.0,0.0,22.5,,,,1,,1925.0,0.0
15850031,2026-09-01,30,0,0.0,0.0,22.0,,,,1,,1882.0,0.0
15850031,2026-10-01,31,0,0.0,0.0,21.9,,,,1,,1874.0,0.0
15850031,2026-11-01,30,0,0.0,0.0,21.8,,,,1,,1865.0,0.0
15850031,2026-12-01,31,0,0.0,0.0,23.5,,,,1,,2011.0,0.0
15850031,2027-01-01,31,0,0.0,0.0,24.6,,,,1,,2105.0,0.0
15850031,2027-02-01,28,0,0.0,0.0,24.4,,,,1,,2088.0,0.0
15850031,2027-03-01,31,0,0.0,0.0,24.5,,,,1,,2096.0,0.0
15850031,2027-04-01,30,0,0.0,0.0,24.0,,,,1,,2054.0,0.0
15850031,2027-05-01,31,0,0.0,0.0,23.7,,,,1,,2028.0,0.0
15850031,2027-06-01,30,0,0.0,0.0,23.5,,,,,,2011.0,0.0
15850031,2027-07-01,31,0,0.0,0.0,23.7,,,,,,2028.0,0.0
10474881,2026-08-01,31,0,0.0,0.0,32.5,,,,5,,2781.0,0.0
10474881,2026-09-01,30,0,0.0,0.0,32.4,,,,5,,2772.0,0.0
10474881,2026-10-01,31,0,0.0,0.0,32.2,,,,5,,2755.0,0.0
10474881,2026-11-01,30,0,0.0,0.0,32.2,,,,5,,2755.0,0.0
10474881,2026-12-01,31,0,0.0,0.0,32.3,,,,5,,2764.0,0.0
10474881,2027-01-01,31,0,0.0,0.0,31.8,,,,5,,2721.0,0.0
10474881,2027-02-01,28,0,0.0,0.0,31.9,,,,5,,2730.0,0.0
10474881,2027-03-01,31,0,0.0,0.0,32.5,,,,5,,2781.0,0.0
10474881,2027-04-01,30,0,0.0,0.0,32.5,,,,5,,2781.0,0.0
10474881,2027-05-01,31,0,0.0,0.0,32.5,,,,5,,2781.0,0.0
10474881,2027-06-01,30,0,0.0,0.0,32.0,,,,5,,2738.0,0.0
10474881,2027-07-01,31,0,0.0,0.0,31.6,,,,5,,2704.0,0.0
17429607,2026-08-01,25,6,0.194,209.0,35.2,34.8,27,3,1,2978.0,3012.0,17884.0
17429607,2026-09-01,30,0,0.0,0.0,34.6,,,,1,,2961.0,0.0
17429607,2026-10-01,31,0,0.0,0.0,35.6,,,,1,,3046.0,0.0
17429607,2026-11-01,26,4,0.133,147.0,36.1,36.8,170,5,1,3149.0,3089.0,12578.0
17429607,2026-12-01,30,1,0.032,37.0,35.8,37.0,,,1,3166.0,3063.0,3166.0
17429607,2027-01-01,31,0,0.0,0.0,34.0,,,,1,,2909.0,0.0
17429607,2027-02-01,28,0,0.0,0.0,33.5,,,,1,,2867.0,0.0
17429607,2027-03-01,31,0,0.0,0.0,34.0,,,,1,,2909.0,0.0
17429607,2027-04-01,30,0,0.0,0.0,34.4,,,,1,,2944.0,0.0
17429607,2027-05-01,31,0,0.0,0.0,34.8,,,,1,,2978.0,0.0
17429607,2027-06-01,30,0,0.0,0.0,34.4,,,,1,,2944.0,0.0
17429607,2027-07-01,31,0,0.0,0.0,32.4,,,,1,,2772.0,0.0
2140462,2026-08-01,31,0,0.0,0.0,19.0,,,,1,,1626.0,0.0
2140462,2026-09-01,30,0,0.0,0.0,18.1,,,,1,,1549.0,0.0
2140462,2026-10-01,31,0,0.0,0.0,18.5,,,,1,,1583.0,0.0
2140462,2026-11-01,30,0,0.0,0.0,18.3,,,,1,,1566.0,0.0
2140462,2026-12-01,31,0,0.0,0.0,18.4,,,,1,,1574.0,0.0
2140462,2027-01-01,31,0,0.0,0.0,17.9,,,,1,,1532.0,0.0
2140462,2027-02-01,28,0,0.0,0.0,17.9,,,,1,,1532.0,0.0
2140462,2027-03-01,31,0,0.0,0.0,18.2,,,,1,,1557.0,0.0
2140462,2027-04-01,30,0,0.0,0.0,18.4,,,,1,,1574.0,0.0
2140462,2027-05-01,31,0,0.0,0.0,18.3,,,,1,,1566.0,0.0
2140462,2027-06-01,30,0,0.0,0.0,19.0,,,,1,,1626.0,0.0
2140462,2027-07-01,31,0,0.0,0.0,18.0,,,,1,,1540.0,0.0
17546275,2026-08-01,31,0,0.0,0.0,27.6,,,,1,,2362.0,0.0
17546275,2026-09-01,30,0,0.0,0.0,25.6,,,,1,,2191.0,0.0
17546275,2026-10-01,31,0,0.0,0.0,25.4,,,,1,,2173.0,0.0
17546275,2026-11-01,30,0,0.0,0.0,25.5,,,,1,,2182.0,0.0
17546275,2026-12-01,31,0,0.0,0.0,26.2,,,,1,,2242.0,0.0
17546275,2027-01-01,31,0,0.0,0.0,25.4,,,,1,,2173.0,0.0
17546275,2027-02-01,28,0,0.0,0.0,24.9,,,,1,,2131.0,0.0
17546275,2027-03-01,31,0,0.0,0.0,25.5,,,,1,,2182.0,0.0
17546275,2027-04-01,30,0,0.0,0.0,25.3,,,,1,,2165.0,0.0
17546275,2027-05-01,31,0,0.0,0.0,24.6,,,,1,,2105.0,0.0
17546275,2027-06-01,30,0,0.0,0.0,24.3,,,,,,2079.0,0.0
17546275,2027-07-01,31,0,0.0,0.0,24.3,,,,,,2079.0,0.0
10083156,2026-08-01,31,0,0.0,0.0,24.0,,,,1,,2054.0,0.0
10083156,2026-09-01,30,0,0.0,0.0,23.8,,,,1,,2037.0,0.0
10083156,2026-10-01,31,0,0.0,0.0,23.5,,,,1,,2011.0,0.0
10083156,2026-11-01,30,0,0.0,0.0,23.3,,,,1,,1994.0,0.0
10083156,2026-12-01,31,0,0.0,0.0,23.5,,,,1,,2011.0,0.0
10083156,2027-01-01,31,0,0.0,0.0,24.6,,,,1,,2105.0,0.0
10083156,2027-02-01,28,0,0.0,0.0,25.6,,,,1,,2191.0,0.0
10083156,2027-03-01,31,0,0.0,0.0,25.7,,,,1,,2199.0,0.0
10083156,2027-04-01,30,0,0.0,0.0,25.7,,,,1,,2199.0,0.0
10083156,2027-05-01,31,0,0.0,0.0,25.2,,,,1,,2156.0,0.0
10083156,2027-06-01,30,0,0.0,0.0,24.6,,,,1,,2105.0,0.0
10083156,2027-07-01,31,0,0.0,0.0,24.7,,,,1,,2114.0,0.0
16222841,2026-08-01,27,4,0.129,93.0,24.4,23.2,,,1,1985.0,2088.0,7958.0
16222841,2026-09-01,30,0,0.0,0.0,24.4,,,,1,,2088.0,0.0
16222841,2026-10-01,31,0,0.0,0.0,25.1,,,,1,,2148.0,0.0
16222841,2026-11-01,30,0,0.0,0.0,23.7,,,,1,,2028.0,0.0
16222841,2026-12-01,31,0,0.0,0.0,22.0,,,,1,,1882.0,0.0
16222841,2027-01-01,31,0,0.0,0.0,22.0,,,,1,,1882.0,0.0
16222841,2027-02-01,28,0,0.0,0.0,21.6,,,,1,,1848.0,0.0
16222841,2027-03-01,31,0,0.0,0.0,21.9,,,,1,,1874.0,0.0
16222841,2027-04-01,30,0,0.0,0.0,21.4,,,,1,,1831.0,0.0
16222841,2027-05-01,31,0,0.0,0.0,21.5,,,,1,,1840.0,0.0
16222841,2027-06-01,30,0,0.0,0.0,21.3,,,,1,,1823.0,0.0
16222841,2027-07-01,31,0,0.0,0.0,21.3,,,,1,,1823.0,0.0
1477070,2026-08-01,31,0,0.0,0.0,31.9,,,,1,,2730.0,0.0
1477070,2026-09-01,30,0,0.0,0.0,31.9,,,,1,,2730.0,0.0
1477070,2026-10-01,31,0,0.0,0.0,31.7,,,,1,,2713.0,0.0
1477070,2026-11-01,30,0,0.0,0.0,31.9,,,,1,,2730.0,0.0
1477070,2026-12-01,31,0,0.0,0.0,31.2,,,,1,,2670.0,0.0
1477070,2027-01-01,31,0,0.0,0.0,32.2,,,,1,,2755.0,0.0
1477070,2027-02-01,28,0,0.0,0.0,31.6,,,,1,,2704.0,0.0
1477070,2027-03-01,31,0,0.0,0.0,31.6,,,,1,,2704.0,0.0
1477070,2027-04-01,30,0,0.0,0.0,31.6,,,,1,,2704.0,0.0
1477070,2027-05-01,31,0,0.0,0.0,31.7,,,,1,,2713.0,0.0
1477070,2027-06-01,30,0,0.0,0.0,31.5,,,,1,,2695.0,0.0
1477070,2027-07-01,31,0,0.0,0.0,30.8,,,,1,,2635.0,0.0
10552253,2026-08-01,31,0,0.0,0.0,78.1,,,,1,,6683.0,0.0
10552253,2026-09-01,30,0,0.0,0.0,78.3,,,,1,,6700.0,0.0
10552253,2026-10-01,31,0,0.0,0.0,78.0,,,,1,,6674.0,0.0
10552253,2026-11-01,30,0,0.0,0.0,78.1,,,,1,,6683.0,0.0
10552253,2026-12-01,31,0,0.0,0.0,78.7,,,,1,,6734.0,0.0
10552253,2027-01-01,31,0,0.0,0.0,79.4,,,,1,,6794.0,0.0
10552253,2027-02-01,28,0,0.0,0.0,80.0,,,,1,,6845.0,0.0
10552253,2027-03-01,31,0,0.0,0.0,79.0,,,,1,,6760.0,0.0
10552253,2027-04-01,30,0,0.0,0.0,78.5,,,,1,,6717.0,0.0
10552253,2027-05-01,31,0,0.0,0.0,78.5,,,,1,,6717.0,0.0
10552253,2027-06-01,30,0,0.0,0.0,78.5,,,,1,,6717.0,0.0
10552253,2027-07-01,31,0,0.0,0.0,78.4,,,,,,6709.0,0.0
10935326,2026-08-01,31,0,0.0,0.0,17.2,,,,1,,1472.0,0.0
10935326,2026-09-01,30,0,0.0,0.0,17.6,,,,1,,1506.0,0.0
10935326,2026-10-01,31,0,0.0,0.0,17.4,,,,1,,1489.0,0.0
10935326,2026-11-01,30,0,0.0,0.0,16.7,,,,1,,1429.0,0.0
10935326,2026-12-01,31,0,0.0,0.0,16.2,,,,1,,1386.0,0.0
10935326,2027-01-01,31,0,0.0,0.0,16.4,,,,1,,1403.0,0.0
10935326,2027-02-01,28,0,0.0,0.0,16.6,,,,1,,1420.0,0.0
10935326,2027-03-01,31,0,0.0,0.0,15.0,,,,1,,1284.0,0.0
10935326,2027-04-01,30,0,0.0,0.0,14.3,,,,1,,1224.0,0.0
10935326,2027-05-01,31,0,0.0,0.0,13.9,,,,1,,1189.0,0.0
10935326,2027-06-01,30,0,0.0,0.0,14.1,,,,1,,1207.0,0.0
10935326,2027-07-01,31,0,0.0,0.0,14.7,,,,1,,1258.0,0.0
19098585,2026-08-01,31,0,0.0,0.0,26.8,,,,2,,2293.0,0.0
19098585,2026-09-01,30,0,0.0,0.0,26.4,,,,2,,2259.0,0.0
19098585,2026-10-01,31,0,0.0,0.0,26.1,,,,2,,2233.0,0.0
19098585,2026-11-01,30,0,0.0,0.0,26.8,,,,2,,2293.0,0.0
19098585,2026-12-01,31,0,0.0,0.0,26.4,,,,2,,2259.0,0.0
19098585,2027-01-01,31,0,0.0,0.0,27.5,,,,2,,2353.0,0.0
19098585,2027-02-01,28,0,0.0,0.0,27.4,,,,2,,2345.0,0.0
19098585,2027-03-01,31,0,0.0,0.0,26.0,,,,2,,2225.0,0.0
19098585,2027-04-01,30,0,0.0,0.0,25.8,,,,2,,2208.0,0.0
19098585,2027-05-01,31,0,0.0,0.0,25.6,,,,2,,2191.0,0.0
19098585,2027-06-01,30,0,0.0,0.0,25.4,,,,2,,2173.0,0.0
19098585,2027-07-01,31,0,0.0,0.0,26.1,,,,2,,2233.0,0.0
4039219,2026-08-01,31,0,0.0,0.0,34.3,,,,1,,2935.0,0.0
4039219,2026-09-01,30,0,0.0,0.0,30.6,,,,1,,2618.0,0.0
4039219,2026-10-01,31,0,0.0,0.0,32.8,,,,1,,2807.0,0.0
4039219,2026-11-01,30,0,0.0,0.0,32.6,,,,1,,2790.0,0.0
4039219,2026-12-01,31,0,0.0,0.0,32.6,,,,1,,2790.0,0.0
4039219,2027-01-01,31,0,0.0,0.0,33.7,,,,1,,2884.0,0.0
4039219,2027-02-01,28,0,0.0,0.0,33.4,,,,1,,2858.0,0.0
4039219,2027-03-01,31,0,0.0,0.0,32.2,,,,1,,2755.0,0.0
4039219,2027-04-01,30,0,0.0,0.0,32.5,,,,1,,2781.0,0.0
4039219,2027-05-01,31,0,0.0,0.0,32.8,,,,1,,2807.0,0.0
4039219,2027-06-01,30,0,0.0,0.0,31.9,,,,1,,2730.0,0.0
4039219,2027-07-01,31,0,0.0,0.0,31.0,,,,,,2653.0,0.0
20718538,2026-08-01,13,18,0.581,1254.0,69.6,69.7,55,6,1,5964.0,5956.0,107302.0
20718538,2026-09-01,30,0,0.0,0.0,69.0,,,,1,,5904.0,0.0
20718538,2026-10-01,31,0,0.0,0.0,68.7,,,,1,,5879.0,0.0
20718538,2026-11-01,30,0,0.0,0.0,69.1,,,,1,,5913.0,0.0
20718538,2026-12-01,20,11,0.355,771.0,69.5,70.1,186,12,1,5998.0,5947.0,65973.0
20718538,2027-01-01,18,13,0.419,900.0,69.6,69.2,,,1,5921.0,5956.0,77011.0
20718538,2027-02-01,28,0,0.0,0.0,69.6,,,,1,,5956.0,0.0
20718538,2027-03-01,31,0,0.0,0.0,69.8,,,,1,,5973.0,0.0
20718538,2027-04-01,30,0,0.0,0.0,70.2,,,,1,,6007.0,0.0
20718538,2027-05-01,31,0,0.0,0.0,69.7,,,,1,,5964.0,0.0
20718538,2027-06-01,30,0,0.0,0.0,69.7,,,,1,,5964.0,0.0
20718538,2027-07-01,31,0,0.0,0.0,69.3,,,,1,,5930.0,0.0
13565486,2026-08-01,31,0,0.0,0.0,12.7,,,,2,,1087.0,0.0
13565486,2026-09-01,30,0,0.0,0.0,12.5,,,,2,,1070.0,0.0
13565486,2026-10-01,31,0,0.0,0.0,12.6,,,,2,,1078.0,0.0
13565486,2026-11-01,30,0,0.0,0.0,12.6,,,,2,,1078.0,0.0
13565486,2026-12-01,31,0,0.0,0.0,12.6,,,,2,,1078.0,0.0
13565486,2027-01-01,31,0,0.0,0.0,12.2,,,,2,,1044.0,0.0
13565486,2027-02-01,28,0,0.0,0.0,11.9,,,,2,,1018.0,0.0
13565486,2027-03-01,31,0,0.0,0.0,12.1,,,,2,,1035.0,0.0
13565486,2027-04-01,30,0,0.0,0.0,12.0,,,,2,,1027.0,0.0
13565486,2027-05-01,31,0,0.0,0.0,11.6,,,,2,,993.0,0.0
13565486,2027-06-01,30,0,0.0,0.0,10.8,,,,2,,924.0,0.0
13565486,2027-07-01,31,0,0.0,0.0,10.8,,,,,,924.0,0.0
5080992,2026-08-01,31,0,0.0,0.0,18.8,,,,1,,1609.0,0.0
5080992,2026-09-01,30,0,0.0,0.0,18.2,,,,1,,1557.0,0.0
5080992,2026-10-01,31,0,0.0,0.0,18.0,,,,1,,1540.0,0.0
5080992,2026-11-01,30,0,0.0,0.0,17.7,,,,1,,1515.0,0.0
5080992,2026-12-01,31,0,0.0,0.0,17.8,,,,1,,1523.0,0.0
5080992,2027-01-01,31,0,0.0,0.0,17.8,,,,1,,1523.0,0.0
5080992,2027-02-01,28,0,0.0,0.0,17.6,,,,1,,1506.0,0.0
5080992,2027-03-01,31,0,0.0,0.0,17.8,,,,1,,1523.0,0.0
5080992,2027-04-01,30,0,0.0,0.0,18.0,,,,1,,1540.0,0.0
5080992,2027-05-01,31,0,0.0,0.0,16.0,,,,1,,1369.0,0.0
5080992,2027-06-01,30,0,0.0,0.0,15.8,,,,,,1352.0,0.0
5080992,2027-07-01,31,0,0.0,0.0,15.9,,,,,,1361.0,0.0
20143057,2026-08-01,15,16,0.516,579.0,35.3,36.2,,,2,3098.0,3021.0,49544.0
20143057,2026-09-01,30,0,0.0,0.0,35.9,,,,2,,3072.0,0.0
20143057,2026-10-01,31,0,0.0,0.0,35.1,,,,2,,3003.0,0.0
20143057,2026-11-01,30,0,0.0,0.0,33.8,,,,2,,2892.0,0.0
20143057,2026-12-01,31,0,0.0,0.0,33.9,,,,2,,2901.0,0.0
20143057,2027-01-01,31,0,0.0,0.0,33.8,,,,2,,2892.0,0.0
20143057,2027-02-01,28,0,0.0,0.0,33.6,,,,2,,2875.0,0.0
20143057,2027-03-01,31,0,0.0,0.0,34.3,,,,2,,2935.0,0.0
20143057,2027-04-01,30,0,0.0,0.0,34.4,,,,2,,2944.0,0.0
20143057,2027-05-01,31,0,0.0,0.0,34.1,,,,2,,2918.0,0.0
20143057,2027-06-01,30,0,0.0,0.0,34.7,,,,2,,2969.0,0.0
20143057,2027-07-01,31,0,0.0,0.0,34.8,,,,2,,2978.0,0.0
15849845,2026-08-01,26,5,0.161,98.0,20.8,19.6,,,1,1677.0,1780.0,8386.0
15849845,2026-09-01,30,0,0.0,0.0,21.5,,,,1,,1840.0,0.0
15849845,2026-10-01,31,0,0.0,0.0,22.5,,,,1,,1925.0,0.0
15849845,2026-11-01,30,0,0.0,0.0,22.5,,,,1,,1925.0,0.0
15849845,2026-12-01,31,0,0.0,0.0,22.4,,,,1,,1917.0,0.0
15849845,2027-01-01,31,0,0.0,0.0,22.0,,,,1,,1882.0,0.0
15849845,2027-02-01,28,0,0.0,0.0,20.9,,,,1,,1788.0,0.0
15849845,2027-03-01,31,0,0.0,0.0,19.4,,,,1,,1660.0,0.0
15849845,2027-04-01,30,0,0.0,0.0,18.0,,,,1,,1540.0,0.0
15849845,2027-05-01,31,0,0.0,0.0,17.7,,,,1,,1515.0,0.0
15849845,2027-06-01,30,0,0.0,0.0,17.7,,,,1,,1515.0,0.0
15849845,2027-07-01,31,0,0.0,0.0,18.2,,,,1,,1557.0,0.0
10082854,2026-08-01,31,0,0.0,0.0,23.9,,,,1,,2045.0,0.0
10082854,2026-09-01,30,0,0.0,0.0,23.0,,,,1,,1968.0,0.0
10082854,2026-10-01,31,0,0.0,0.0,23.4,,,,1,,2002.0,0.0
10082854,2026-11-01,30,0,0.0,0.0,23.2,,,,1,,1985.0,0.0
10082854,2026-12-01,31,0,0.0,0.0,23.0,,,,1,,1968.0,0.0
10082854,2027-01-01,31,0,0.0,0.0,24.3,,,,1,,2079.0,0.0
10082854,2027-02-01,28,0,0.0,0.0,24.2,,,,1,,2071.0,0.0
10082854,2027-03-01,31,0,0.0,0.0,24.5,,,,1,,2096.0,0.0
10082854,2027-04-01,30,0,0.0,0.0,24.4,,,,1,,2088.0,0.0
10082854,2027-05-01,31,0,0.0,0.0,23.6,,,,1,,2019.0,0.0
10082854,2027-06-01,30,0,0.0,0.0,23.2,,,,1,,1985.0,0.0
10082854,2027-07-01,31,0,0.0,0.0,23.5,,,,,,2011.0,0.0
4847169,2026-08-01,31,0,0.0,0.0,26.3,,,,5,,2250.0,0.0
4847169,2026-09-01,30,0,0.0,0.0,26.1,,,,5,,2233.0,0.0
4847169,2026-10-01,31,0,0.0,0.0,26.0,,,,5,,2225.0,0.0
4847169,2026-11-01,30,0,0.0,0.0,26.2,,,,5,,2242.0,0.0
4847169,2026-12-01,31,0,0.0,0.0,25.8,,,,5,,2208.0,0.0
4847169,2027-01-01,31,0,0.0,0.0,26.6,,,,5,,2276.0,0.0
4847169,2027-02-01,28,0,0.0,0.0,26.1,,,,5,,2233.0,0.0
4847169,2027-03-01,31,0,0.0,0.0,26.0,,,,5,,2225.0,0.0
4847169,2027-04-01,30,0,0.0,0.0,25.7,,,,5,,2199.0,0.0
4847169,2027-05-01,31,0,0.0,0.0,25.2,,,,5,,2156.0,0.0
4847169,2027-06-01,30,0,0.0,0.0,24.4,,,,5,,2088.0,0.0
4847169,2027-07-01,31,0,0.0,0.0,24.5,,,,,,2096.0,0.0
17173550,2026-08-01,31,0,0.0,0.0,68.5,,,,1,,5861.0,0.0
17173550,2026-09-01,30,0,0.0,0.0,63.8,,,,1,,5459.0,0.0
17173550,2026-10-01,31,0,0.0,0.0,61.2,,,,1,,5237.0,0.0
17173550,2026-11-01,30,0,0.0,0.0,60.5,,,,1,,5177.0,0.0
17173550,2026-12-01,31,0,0.0,0.0,61.2,,,,1,,5237.0,0.0
17173550,2027-01-01,31,0,0.0,0.0,60.7,,,,1,,5194.0,0.0
17173550,2027-02-01,28,0,0.0,0.0,61.1,,,,1,,5228.0,0.0
17173550,2027-03-01,31,0,0.0,0.0,61.3,,,,1,,5245.0,0.0
17173550,2027-04-01,30,0,0.0,0.0,60.9,,,,1,,5211.0,0.0
17173550,2027-05-01,31,0,0.0,0.0,60.7,,,,1,,5194.0,0.0
17173550,2027-06-01,30,0,0.0,0.0,60.1,,,,,,5143.0,0.0
17173550,2027-07-01,31,0,0.0,0.0,60.1,,,,,,5143.0,0.0
19406549,2026-08-01,18,13,0.419,235.0,17.1,18.1,,,1,1549.0,1463.0,20108.0
19406549,2026-09-01,30,0,0.0,0.0,17.3,,,,1,,1480.0,0.0
19406549,2026-10-01,31,0,0.0,0.0,18.0,,,,1,,1540.0,0.0
19406549,2026-11-01,30,0,0.0,0.0,17.4,,,,1,,1489.0,0.0
19406549,2026-12-01,31,0,0.0,0.0,17.2,,,,1,,1472.0,0.0
19406549,2027-01-01,31,0,0.0,0.0,16.6,,,,1,,1420.0,0.0
19406549,2027-02-01,28,0,0.0,0.0,16.9,,,,1,,1446.0,0.0
19406549,2027-03-01,31,0,0.0,0.0,17.0,,,,1,,1455.0,0.0
19406549,2027-04-01,30,0,0.0,0.0,17.2,,,,1,,1472.0,0.0
19406549,2027-05-01,31,0,0.0,0.0,16.6,,,,1,,1420.0,0.0
19406549,2027-06-01,30,0,0.0,0.0,16.5,,,,1,,1412.0,0.0
19406549,2027-07-01,31,0,0.0,0.0,16.1,,,,1,,1378.0,0.0
20006018,2026-08-01,31,0,0.0,0.0,21.8,,,,1,,1865.0,0.0
20006018,2026-09-01,30,0,0.0,0.0,23.9,,,,1,,2045.0,0.0
20006018,2026-10-01,31,0,0.0,0.0,24.4,,,,1,,2088.0,0.0
20006018,2026-11-01,30,0,0.0,0.0,22.6,,,,1,,1934.0,0.0
20006018,2026-12-01,31,0,0.0,0.0,21.3,,,,1,,1823.0,0.0
20006018,2027-01-01,31,0,0.0,0.0,20.3,,,,1,,1737.0,0.0
20006018,2027-02-01,28,0,0.0,0.0,20.8,,,,1,,1780.0,0.0
20006018,2027-03-01,31,0,0.0,0.0,20.4,,,,1,,1746.0,0.0
20006018,2027-04-01,30,0,0.0,0.0,20.5,,,,1,,1754.0,0.0
20006018,2027-05-01,31,0,0.0,0.0,20.5,,,,1,,1754.0,0.0
20006018,2027-06-01,30,0,0.0,0.0,18.4,,,,1,,1574.0,0.0
20006018,2027-07-01,31,0,0.0,0.0,18.3,,,,,,1566.0,0.0
19049935,2026-08-01,0,31,1.0,363.0,11.7,11.7,19,31,3,1001.0,1001.0,31061.0
19049935,2026-09-01,30,0,0.0,0.0,11.4,,,,3,,975.0,0.0
19049935,2026-10-01,31,0,0.0,0.0,11.2,,,,3,,958.0,0.0
19049935,2026-11-01,30,0,0.0,0.0,10.6,,,,3,,907.0,0.0
19049935,2026-12-01,31,0,0.0,0.0,10.8,,,,3,,924.0,0.0
19049935,2027-01-01,31,0,0.0,0.0,10.5,,,,3,,898.0,0.0
19049935,2027-02-01,28,0,0.0,0.0,10.7,,,,3,,916.0,0.0
19049935,2027-03-01,31,0,0.0,0.0,11.0,,,,3,,941.0,0.0
19049935,2027-04-01,30,0,0.0,0.0,11.0,,,,3,,941.0,0.0
19049935,2027-05-01,31,0,0.0,0.0,10.8,,,,3,,924.0,0.0
19049935,2027-06-01,30,0,0.0,0.0,11.0,,,,3,,941.0,0.0
19049935,2027-07-01,31,0,0.0,0.0,11.9,,,,3,,1018.0,0.0
15823544,2026-08-01,31,0,0.0,0.0,68.9,,,,1,,5896.0,0.0
15823544,2026-09-01,30,0,0.0,0.0,56.9,,,,1,,4869.0,0.0
15823544,2026-10-01,31,0,0.0,0.0,54.0,,,,1,,4621.0,0.0
15823544,2026-11-01,30,0,0.0,0.0,53.0,,,,1,,4535.0,0.0
15823544,2026-12-01,31,0,0.0,0.0,53.2,,,,1,,4552.0,0.0
15823544,2027-01-01,31,0,0.0,0.0,52.8,,,,1,,4518.0,0.0
15823544,2027-02-01,28,0,0.0,0.0,53.8,,,,1,,4604.0,0.0
15823544,2027-03-01,31,0,0.0,0.0,60.7,,,,1,,5194.0,0.0
15823544,2027-04-01,30,0,0.0,0.0,69.7,,,,1,,5964.0,0.0
15823544,2027-05-01,31,0,0.0,0.0,51.9,,,,1,,4441.0,0.0
15823544,2027-06-01,30,0,0.0,0.0,48.3,,,,,,4133.0,0.0
15823544,2027-07-01,31,0,0.0,0.0,49.4,,,,,,4227.0,0.0
15850216,2026-08-01,31,0,0.0,0.0,19.8,,,,1,,1694.0,0.0
15850216,2026-09-01,30,0,0.0,0.0,19.8,,,,1,,1694.0,0.0
15850216,2026-10-01,31,0,0.0,0.0,21.3,,,,1,,1823.0,0.0
15850216,2026-11-01,30,0,0.0,0.0,20.8,,,,1,,1780.0,0.0
15850216,2026-12-01,31,0,0.0,0.0,20.5,,,,1,,1754.0,0.0
15850216,2027-01-01,31,0,0.0,0.0,20.5,,,,1,,1754.0,0.0
15850216,2027-02-01,28,0,0.0,0.0,20.2,,,,1,,1728.0,0.0
15850216,2027-03-01,31,0,0.0,0.0,20.3,,,,1,,1737.0,0.0
15850216,2027-04-01,30,0,0.0,0.0,21.3,,,,1,,1823.0,0.0
15850216,2027-05-01,31,0,0.0,0.0,21.1,,,,1,,1805.0,0.0
15850216,2027-06-01,30,0,0.0,0.0,21.1,,,,1,,1805.0,0.0
15850216,2027-07-01,31,0,0.0,0.0,21.1,,,,,,1805.0,0.0
21086638,2026-08-01,31,0,0.0,0.0,72.6,,,,1,,6212.0,0.0
21086638,2026-09-01,30,0,0.0,0.0,78.0,,,,1,,6674.0,0.0
21086638,2026-10-01,31,0,0.0,0.0,77.6,,,,1,,6640.0,0.0
21086638,2026-11-01,30,0,0.0,0.0,73.6,,,,1,,6298.0,0.0
21086638,2026-12-01,31,0,0.0,0.0,75.0,,,,1,,6418.0,0.0
21086638,2027-01-01,31,0,0.0,0.0,74.8,,,,1,,6400.0,0.0
21086638,2027-02-01,28,0,0.0,0.0,76.9,,,,1,,6580.0,0.0
21086638,2027-03-01,31,0,0.0,0.0,73.5,,,,1,,6289.0,0.0
21086638,2027-04-01,30,0,0.0,0.0,72.8,,,,1,,6229.0,0.0
21086638,2027-05-01,31,0,0.0,0.0,72.1,,,,1,,6169.0,0.0
21086638,2027-06-01,30,0,0.0,0.0,72.2,,,,1,,6178.0,0.0
21086638,2027-07-01,31,0,0.0,0.0,74.0,,,,1,,6332.0,0.0
19619538,2026-08-01,31,0,0.0,0.0,57.3,,,,2,,4903.0,0.0
19619538,2026-09-01,30,0,0.0,0.0,53.2,,,,2,,4552.0,0.0
19619538,2026-10-01,28,3,0.097,152.0,50.7,50.7,99,6,2,4338.0,4338.0,13006.0
19619538,2026-11-01,27,3,0.1,155.0,51.6,51.7,,,2,4424.0,4415.0,13263.0
19619538,2026-12-01,31,0,0.0,0.0,52.6,,,,2,,4501.0,0.0
19619538,2027-01-01,31,0,0.0,0.0,52.2,,,,2,,4467.0,0.0
19619538,2027-02-01,28,0,0.0,0.0,46.9,,,,2,,4013.0,0.0
19619538,2027-03-01,31,0,0.0,0.0,46.1,,,,2,,3945.0,0.0
19619538,2027-04-01,30,0,0.0,0.0,47.2,,,,2,,4039.0,0.0
19619538,2027-05-01,31,0,0.0,0.0,47.2,,,,2,,4039.0,0.0
19619538,2027-06-01,30,0,0.0,0.0,47.4,,,,2,,4056.0,0.0
19619538,2027-07-01,31,0,0.0,0.0,47.2,,,,2,,4039.0,0.0
8608935,2026-08-01,31,0,0.0,0.0,127.6,,,,2,,10918.0,0.0
8608935,2026-09-01,30,0,0.0,0.0,131.5,,,,2,,11252.0,0.0
8608935,2026-10-01,31,0,0.0,0.0,136.2,,,,2,,11654.0,0.0
8608935,2026-11-01,30,0,0.0,0.0,129.6,,,,2,,11090.0,0.0
8608935,2026-12-01,31,0,0.0,0.0,131.1,,,,2,,11218.0,0.0
8608935,2027-01-01,31,0,0.0,0.0,131.2,,,,2,,11227.0,0.0
8608935,2027-02-01,28,0,0.0,0.0,138.3,,,,2,,11834.0,0.0
8608935,2027-03-01,31,0,0.0,0.0,137.8,,,,2,,11791.0,0.0
8608935,2027-04-01,30,0,0.0,0.0,137.2,,,,2,,11740.0,0.0
8608935,2027-05-01,31,0,0.0,0.0,137.6,,,,2,,11774.0,0.0
8608935,2027-06-01,30,0,0.0,0.0,137.1,,,,2,,11731.0,0.0
8608935,2027-07-01,31,0,0.0,0.0,140.2,,,,,,11997.0,0.0
6249525,2026-08-01,31,0,0.0,0.0,16.4,,,,3,,1403.0,0.0
6249525,2026-09-01,30,0,0.0,0.0,17.1,,,,3,,1463.0,0.0
6249525,2026-10-01,31,0,0.0,0.0,17.6,,,,3,,1506.0,0.0
6249525,2026-11-01,30,0,0.0,0.0,16.9,,,,3,,1446.0,0.0
6249525,2026-12-01,31,0,0.0,0.0,16.6,,,,3,,1420.0,0.0
6249525,2027-01-01,31,0,0.0,0.0,16.1,,,,3,,1378.0,0.0
6249525,2027-02-01,28,0,0.0,0.0,16.1,,,,3,,1378.0,0.0
6249525,2027-03-01,31,0,0.0,0.0,16.5,,,,3,,1412.0,0.0
6249525,2027-04-01,30,0,0.0,0.0,16.7,,,,3,,1429.0,0.0
6249525,2027-05-01,31,0,0.0,0.0,16.3,,,,3,,1395.0,0.0
6249525,2027-06-01,30,0,0.0,0.0,17.4,,,,3,,1489.0,0.0
6249525,2027-07-01,31,0,0.0,0.0,16.3,,,,3,,1395.0,0.0
4900646,2026-08-01,31,0,0.0,0.0,16.7,,,,1,,1429.0,0.0
4900646,2026-09-01,30,0,0.0,0.0,17.6,,,,1,,1506.0,0.0
4900646,2026-10-01,31,0,0.0,0.0,17.7,,,,1,,1515.0,0.0
4900646,2026-11-01,30,0,0.0,0.0,17.9,,,,1,,1532.0,0.0
4900646,2026-12-01,31,0,0.0,0.0,18.0,,,,1,,1540.0,0.0
4900646,2027-01-01,31,0,0.0,0.0,18.2,,,,1,,1557.0,0.0
4900646,2027-02-01,28,0,0.0,0.0,17.2,,,,1,,1472.0,0.0
4900646,2027-03-01,31,0,0.0,0.0,17.2,,,,1,,1472.0,0.0
4900646,2027-04-01,30,0,0.0,0.0,17.3,,,,1,,1480.0,0.0
4900646,2027-05-01,31,0,0.0,0.0,17.2,,,,1,,1472.0,0.0
4900646,2027-06-01,30,0,0.0,0.0,15.9,,,,1,,1361.0,0.0
4900646,2027-07-01,31,0,0.0,0.0,15.5,,,,,,1326.0,0.0
8659336,2026-08-01,31,0,0.0,0.0,36.6,,,,4,,3132.0,0.0
8659336,2026-09-01,30,0,0.0,0.0,36.2,,,,4,,3098.0,0.0
8659336,2026-10-01,31,0,0.0,0.0,38.7,,,,4,,3311.0,0.0
8659336,2026-11-01,30,0,0.0,0.0,39.7,,,,4,,3397.0,0.0
8659336,2026-12-01,31,0,0.0,0.0,38.7,,,,4,,3311.0,0.0
8659336,2027-01-01,31,0,0.0,0.0,40.3,,,,4,,3448.0,0.0
8659336,2027-02-01,28,0,0.0,0.0,37.6,,,,4,,3217.0,0.0
8659336,2027-03-01,31,0,0.0,0.0,37.7,,,,4,,3226.0,0.0
8659336,2027-04-01,30,0,0.0,0.0,37.9,,,,4,,3243.0,0.0
8659336,2027-05-01,31,0,0.0,0.0,37.9,,,,4,,3243.0,0.0
8659336,2027-06-01,30,0,0.0,0.0,36.9,,,,4,,3157.0,0.0
8659336,2027-07-01,31,0,0.0,0.0,38.0,,,,,,3252.0,0.0
17295585,2026-08-01,31,0,0.0,0.0,31.4,,,,1,,2687.0,0.0
17295585,2026-09-01,30,0,0.0,0.0,31.3,,,,1,,2678.0,0.0
17295585,2026-10-01,31,0,0.0,0.0,30.9,,,,1,,2644.0,0.0
17295585,2026-11-01,30,0,0.0,0.0,30.4,,,,1,,2601.0,0.0
17295585,2026-12-01,31,0,0.0,0.0,30.3,,,,1,,2593.0,0.0
17295585,2027-01-01,31,0,0.0,0.0,30.6,,,,1,,2618.0,0.0
17295585,2027-02-01,28,0,0.0,0.0,32.6,,,,1,,2790.0,0.0
17295585,2027-03-01,31,0,0.0,0.0,32.9,,,,1,,2815.0,0.0
17295585,2027-04-01,30,0,0.0,0.0,32.2,,,,1,,2755.0,0.0
17295585,2027-05-01,31,0,0.0,0.0,32.0,,,,1,,2738.0,0.0
17295585,2027-06-01,30,0,0.0,0.0,32.5,,,,1,,2781.0,0.0
17295585,2027-07-01,31,0,0.0,0.0,32.1,,,,,,2747.0,0.0
20782744,2026-08-01,5,26,0.839,590.0,22.6,22.7,34,5,3,1942.0,1934.0,50485.0
20782744,2026-09-01,30,0,0.0,0.0,23.5,,,,3,,2011.0,0.0
20782744,2026-10-01,31,0,0.0,0.0,23.2,,,,3,,1985.0,0.0
20782744,2026-11-01,30,0,0.0,0.0,25.0,,,,3,,2139.0,0.0
20782744,2026-12-01,31,0,0.0,0.0,25.0,,,,3,,2139.0,0.0
20782744,2027-01-01,31,0,0.0,0.0,25.2,,,,3,,2156.0,0.0
20782744,2027-02-01,28,0,0.0,0.0,25.6,,,,3,,2191.0,0.0
20782744,2027-03-01,31,0,0.0,0.0,25.9,,,,3,,2216.0,0.0
20782744,2027-04-01,30,0,0.0,0.0,26.1,,,,3,,2233.0,0.0
20782744,2027-05-01,31,0,0.0,0.0,26.0,,,,3,,2225.0,0.0
20782744,2027-06-01,30,0,0.0,0.0,26.3,,,,3,,2250.0,0.0
20782744,2027-07-01,31,0,0.0,0.0,25.0,,,,3,,2139.0,0.0
10203476,2026-08-01,28,3,0.097,47.0,14.6,15.7,98,2,2,1343.0,1249.0,4022.0
10203476,2026-09-01,30,0,0.0,0.0,15.4,,,,2,,1318.0,0.0
10203476,2026-10-01,31,0,0.0,0.0,15.6,,,,2,,1335.0,0.0
10203476,2026-11-01,30,0,0.0,0.0,14.7,,,,2,,1258.0,0.0
10203476,2026-12-01,31,0,0.0,0.0,14.3,,,,2,,1224.0,0.0
10203476,2027-01-01,31,0,0.0,0.0,14.5,,,,2,,1241.0,0.0
10203476,2027-02-01,28,0,0.0,0.0,14.1,,,,2,,1207.0,0.0
10203476,2027-03-01,31,0,0.0,0.0,13.8,,,,2,,1181.0,0.0
10203476,2027-04-01,30,0,0.0,0.0,13.8,,,,2,,1181.0,0.0
10203476,2027-05-01,31,0,0.0,0.0,13.7,,,,2,,1172.0,0.0
10203476,2027-06-01,30,0,0.0,0.0,13.5,,,,2,,1155.0,0.0
10203476,2027-07-01,31,0,0.0,0.0,12.5,,,,,,1070.0,0.0
7484624,2026-08-01,31,0,0.0,0.0,36.1,,,,1,,3089.0,0.0
7484624,2026-09-01,30,0,0.0,0.0,35.5,,,,1,,3038.0,0.0
7484624,2026-10-01,31,0,0.0,0.0,36.7,,,,1,,3140.0,0.0
7484624,2026-11-01,30,0,0.0,0.0,35.4,,,,1,,3029.0,0.0
7484624,2026-12-01,31,0,0.0,0.0,34.7,,,,1,,2969.0,0.0
7484624,2027-01-01,31,0,0.0,0.0,35.3,,,,1,,3021.0,0.0
7484624,2027-02-01,28,0,0.0,0.0,34.3,,,,1,,2935.0,0.0
7484624,2027-03-01,31,0,0.0,0.0,34.1,,,,1,,2918.0,0.0
7484624,2027-04-01,30,0,0.0,0.0,35.4,,,,1,,3029.0,0.0
7484624,2027-05-01,31,0,0.0,0.0,35.2,,,,1,,3012.0,0.0
7484624,2027-06-01,30,0,0.0,0.0,35.2,,,,1,,3012.0,0.0
7484624,2027-07-01,31,0,0.0,0.0,35.1,,,,,,3003.0,0.0
20594104,2026-08-01,29,2,0.065,100.0,49.5,50.0,12,2,1,4278.0,4236.0,8557.0
20594104,2026-09-01,30,0,0.0,0.0,49.5,,,,1,,4236.0,0.0
20594104,2026-10-01,31,0,0.0,0.0,50.2,,,,1,,4296.0,0.0
20594104,2026-11-01,30,0,0.0,0.0,51.8,,,,1,,4432.0,0.0
20594104,2026-12-01,15,16,0.516,838.0,51.7,52.4,242,8,1,4484.0,4424.0,71706.0
20594104,2027-01-01,31,0,0.0,0.0,51.8,,,,1,,4432.0,0.0
20594104,2027-02-01,28,0,0.0,0.0,55.6,,,,1,,4758.0,0.0
20594104,2027-03-01,31,0,0.0,0.0,52.5,,,,1,,4492.0,0.0
20594104,2027-04-01,30,0,0.0,0.0,49.1,,,,1,,4201.0,0.0
20594104,2027-05-01,31,0,0.0,0.0,48.8,,,,1,,4176.0,0.0
20594104,2027-06-01,30,0,0.0,0.0,49.1,,,,1,,4201.0,0.0
20594104,2027-07-01,31,0,0.0,0.0,49.5,,,,1,,4236.0,0.0
17373775,2026-08-01,31,0,0.0,0.0,66.6,,,,1,,5699.0,0.0
17373775,2026-09-01,30,0,0.0,0.0,66.2,,,,1,,5665.0,0.0
17373775,2026-10-01,31,0,0.0,0.0,66.5,,,,1,,5690.0,0.0
17373775,2026-11-01,30,0,0.0,0.0,66.0,,,,1,,5647.0,0.0
17373775,2026-12-01,31,0,0.0,0.0,66.5,,,,1,,5690.0,0.0
17373775,2027-01-01,31,0,0.0,0.0,67.5,,,,1,,5776.0,0.0
17373775,2027-02-01,28,0,0.0,0.0,66.5,,,,1,,5690.0,0.0
17373775,2027-03-01,31,0,0.0,0.0,67.0,,,,1,,5733.0,0.0
17373775,2027-04-01,30,0,0.0,0.0,66.5,,,,1,,5690.0,0.0
17373775,2027-05-01,31,0,0.0,0.0,67.3,,,,1,,5759.0,0.0
17373775,2027-06-01,30,0,0.0,0.0,65.3,,,,1,,5588.0,0.0
17373775,2027-07-01,31,0,0.0,0.0,65.6,,,,,,5613.0,0.0
10091323,2026-08-01,31,0,0.0,0.0,46.1,,,,1,,3945.0,0.0
10091323,2026-09-01,30,0,0.0,0.0,46.2,,,,1,,3953.0,0.0
10091323,2026-10-01,31,0,0.0,0.0,47.2,,,,1,,4039.0,0.0
10091323,2026-11-01,30,0,0.0,0.0,47.0,,,,1,,4022.0,0.0
10091323,2026-12-01,31,0,0.0,0.0,47.1,,,,1,,4030.0,0.0
10091323,2027-01-01,31,0,0.0,0.0,46.7,,,,1,,3996.0,0.0
10091323,2027-02-01,28,0,0.0,0.0,46.0,,,,1,,3936.0,0.0
10091323,2027-03-01,31,0,0.0,0.0,46.8,,,,1,,4005.0,0.0
10091323,2027-04-01,30,0,0.0,0.0,46.1,,,,1,,3945.0,0.0
10091323,2027-05-01,31,0,0.0,0.0,46.2,,,,1,,3953.0,0.0
10091323,2027-06-01,30,0,0.0,0.0,46.0,,,,1,,3936.0,0.0
10091323,2027-07-01,31,0,0.0,0.0,45.6,,,,1,,3902.0,0.0
13701577,2026-08-01,31,0,0.0,0.0,13.6,,,,1,,1164.0,0.0
13701577,2026-09-01,30,0,0.0,0.0,13.4,,,,1,,1147.0,0.0
13701577,2026-10-01,31,0,0.0,0.0,13.8,,,,1,,1181.0,0.0
13701577,2026-11-01,30,0,0.0,0.0,14.5,,,,1,,1241.0,0.0
13701577,2026-12-01,31,0,0.0,0.0,14.6,,,,1,,1249.0,0.0
13701577,2027-01-01,31,0,0.0,0.0,15.0,,,,1,,1284.0,0.0
13701577,2027-02-01,28,0,0.0,0.0,14.8,,,,1,,1266.0,0.0
13701577,2027-03-01,31,0,0.0,0.0,14.9,,,,1,,1275.0,0.0
13701577,2027-04-01,30,0,0.0,0.0,14.8,,,,1,,1266.0,0.0
13701577,2027-05-01,31,0,0.0,0.0,14.3,,,,1,,1224.0,0.0
13701577,2027-06-01,30,0,0.0,0.0,14.2,,,,,,1215.0,0.0
13701577,2027-07-01,31,0,0.0,0.0,14.0,,,,,,1198.0,0.0
5081221,2026-08-01,31,0,0.0,0.0,20.7,,,,1,,1771.0,0.0
5081221,2026-09-01,30,0,0.0,0.0,20.1,,,,1,,1720.0,0.0
5081221,2026-10-01,31,0,0.0,0.0,19.9,,,,1,,1703.0,0.0
5081221,2026-11-01,30,0,0.0,0.0,19.4,,,,1,,1660.0,0.0
5081221,2026-12-01,31,0,0.0,0.0,19.4,,,,1,,1660.0,0.0
5081221,2027-01-01,31,0,0.0,0.0,19.5,,,,1,,1669.0,0.0
5081221,2027-02-01,28,0,0.0,0.0,19.5,,,,1,,1669.0,0.0
5081221,2027-03-01,31,0,0.0,0.0,19.8,,,,1,,1694.0,0.0
5081221,2027-04-01,30,0,0.0,0.0,20.0,,,,1,,1711.0,0.0
5081221,2027-05-01,31,0,0.0,0.0,19.7,,,,1,,1686.0,0.0
5081221,2027-06-01,30,0,0.0,0.0,19.9,,,,1,,1703.0,0.0
5081221,2027-07-01,31,0,0.0,0.0,18.8,,,,1,,1609.0,0.0
17372942,2026-08-01,31,0,0.0,0.0,58.8,,,,1,,5031.0,0.0
17372942,2026-09-01,30,0,0.0,0.0,58.7,,,,1,,5023.0,0.0
17372942,2026-10-01,31,0,0.0,0.0,58.7,,,,1,,5023.0,0.0
17372942,2026-11-01,30,0,0.0,0.0,57.9,,,,1,,4954.0,0.0
17372942,2026-12-01,31,0,0.0,0.0,57.8,,,,1,,4946.0,0.0
17372942,2027-01-01,31,0,0.0,0.0,58.7,,,,1,,5023.0,0.0
17372942,2027-02-01,28,0,0.0,0.0,58.4,,,,1,,4997.0,0.0
17372942,2027-03-01,31,0,0.0,0.0,58.8,,,,1,,5031.0,0.0
17372942,2027-04-01,30,0,0.0,0.0,59.9,,,,1,,5126.0,0.0
17372942,2027-05-01,31,0,0.0,0.0,59.7,,,,1,,5108.0,0.0
17372942,2027-06-01,30,0,0.0,0.0,58.0,,,,1,,4963.0,0.0
17372942,2027-07-01,31,0,0.0,0.0,57.5,,,,,,4920.0,0.0
13707553,2026-08-01,0,31,1.0,2562.0,82.6,82.6,,,13,7068.0,7068.0,219225.0
13707553,2026-09-01,20,10,0.333,830.0,80.1,83.0,,,13,7102.0,6854.0,71021.0
13707553,2026-10-01,31,0,0.0,0.0,79.7,,,,13,,6820.0,0.0
13707553,2026-11-01,30,0,0.0,0.0,80.8,,,,13,,6914.0,0.0
13707553,2026-12-01,0,31,1.0,2604.0,84.0,84.0,291,62,13,7188.0,7188.0,222819.0
13707553,2027-01-01,0,31,1.0,2622.0,84.6,84.6,,,13,7239.0,7239.0,224359.0
13707553,2027-02-01,28,0,0.0,0.0,87.7,,,,13,,7504.0,0.0
13707553,2027-03-01,31,0,0.0,0.0,88.6,,,,13,,7581.0,0.0
13707553,2027-04-01,30,0,0.0,0.0,86.4,,,,13,,7393.0,0.0
13707553,2027-05-01,31,0,0.0,0.0,78.5,,,,13,,6717.0,0.0
13707553,2027-06-01,30,0,0.0,0.0,77.2,,,,13,,6606.0,0.0
13707553,2027-07-01,31,0,0.0,0.0,80.8,,,,,,6914.0,0.0
6554393,2026-08-01,10,21,0.677,454.0,21.9,21.6,14,28,1,1848.0,1874.0,38848.0
6554393,2026-09-01,23,7,0.233,150.0,21.0,21.4,,,1,1831.0,1797.0,12835.0
6554393,2026-10-01,31,0,0.0,0.0,21.4,,,,1,,1831.0,0.0
6554393,2026-11-01,30,0,0.0,0.0,20.9,,,,1,,1788.0,0.0
6554393,2026-12-01,31,0,0.0,0.0,19.7,,,,1,,1686.0,0.0
6554393,2027-01-01,31,0,0.0,0.0,18.5,,,,1,,1583.0,0.0
6554393,2027-02-01,28,0,0.0,0.0,18.2,,,,1,,1557.0,0.0
6554393,2027-03-01,31,0,0.0,0.0,18.4,,,,1,,1574.0,0.0
6554393,2027-04-01,30,0,0.0,0.0,18.8,,,,1,,1609.0,0.0
6554393,2027-05-01,31,0,0.0,0.0,19.3,,,,1,,1651.0,0.0
6554393,2027-06-01,30,0,0.0,0.0,19.5,,,,1,,1669.0,0.0
6554393,2027-07-01,31,0,0.0,0.0,19.5,,,,1,,1669.0,0.0
18607456,2026-08-01,31,0,0.0,0.0,27.5,,,,2,,2353.0,0.0
18607456,2026-09-01,30,0,0.0,0.0,28.0,,,,2,,2396.0,0.0
18607456,2026-10-01,31,0,0.0,0.0,28.4,,,,2,,2430.0,0.0
18607456,2026-11-01,30,0,0.0,0.0,27.5,,,,2,,2353.0,0.0
18607456,2026-12-01,31,0,0.0,0.0,27.4,,,,2,,2345.0,0.0
18607456,2027-01-01,31,0,0.0,0.0,27.0,,,,2,,2310.0,0.0
18607456,2027-02-01,28,0,0.0,0.0,25.6,,,,2,,2191.0,0.0
18607456,2027-03-01,31,0,0.0,0.0,26.0,,,,2,,2225.0,0.0
18607456,2027-04-01,30,0,0.0,0.0,26.3,,,,2,,2250.0,0.0
18607456,2027-05-01,31,0,0.0,0.0,26.0,,,,2,,2225.0,0.0
18607456,2027-06-01,30,0,0.0,0.0,27.5,,,,,,2353.0,0.0
18607456,2027-07-01,31,0,0.0,0.0,28.1,,,,,,2404.0,0.0
8995269,2026-08-01,4,27,0.871,1133.0,41.8,42.0,14,28,1,3594.0,3577.0,96948.0
8995269,2026-09-01,29,1,0.033,41.0,37.5,41.0,,,1,3508.0,3209.0,3508.0
8995269,2026-10-01,30,1,0.032,42.0,41.6,42.0,101,2,1,3594.0,3560.0,3594.0
8995269,2026-11-01,29,1,0.033,41.0,40.0,41.0,,,1,3508.0,3423.0,3508.0
8995269,2026-12-01,31,0,0.0,0.0,37.2,,,,1,,3183.0,0.0
8995269,2027-01-01,31,0,0.0,0.0,37.0,,,,1,,3166.0,0.0
8995269,2027-02-01,28,0,0.0,0.0,36.6,,,,1,,3132.0,0.0
8995269,2027-03-01,31,0,0.0,0.0,37.0,,,,1,,3166.0,0.0
8995269,2027-04-01,30,0,0.0,0.0,37.3,,,,1,,3192.0,0.0
8995269,2027-05-01,31,0,0.0,0.0,37.0,,,,1,,3166.0,0.0
8995269,2027-06-01,30,0,0.0,0.0,37.2,,,,1,,3183.0,0.0
8995269,2027-07-01,31,0,0.0,0.0,36.5,,,,1,,3123.0,0.0
18628295,2026-08-01,31,0,0.0,0.0,48.1,,,,1,,4116.0,0.0
18628295,2026-09-01,30,0,0.0,0.0,47.0,,,,1,,4022.0,0.0
18628295,2026-10-01,31,0,0.0,0.0,45.1,,,,1,,3859.0,0.0
18628295,2026-11-01,30,0,0.0,0.0,44.8,,,,1,,3833.0,0.0
18628295,2026-12-01,31,0,0.0,0.0,44.7,,,,1,,3825.0,0.0
18628295,2027-01-01,31,0,0.0,0.0,47.7,,,,1,,4082.0,0.0
18628295,2027-02-01,28,0,0.0,0.0,47.8,,,,1,,4090.0,0.0
18628295,2027-03-01,31,0,0.0,0.0,47.6,,,,1,,4073.0,0.0
18628295,2027-04-01,30,0,0.0,0.0,47.3,,,,1,,4047.0,0.0
18628295,2027-05-01,31,0,0.0,0.0,46.0,,,,1,,3936.0,0.0
18628295,2027-06-01,30,0,0.0,0.0,45.7,,,,1,,3910.0,0.0
18628295,2027-07-01,31,0,0.0,0.0,45.7,,,,1,,3910.0,0.0
11171073,2026-08-01,31,0,0.0,0.0,22.2,,,,2,,1900.0,0.0
11171073,2026-09-01,30,0,0.0,0.0,20.6,,,,2,,1763.0,0.0
11171073,2026-10-01,31,0,0.0,0.0,20.3,,,,2,,1737.0,0.0
11171073,2026-11-01,30,0,0.0,0.0,20.3,,,,2,,1737.0,0.0
11171073,2026-12-01,31,0,0.0,0.0,20.0,,,,2,,1711.0,0.0
11171073,2027-01-01,31,0,0.0,0.0,22.0,,,,2,,1882.0,0.0
11171073,2027-02-01,28,0,0.0,0.0,21.8,,,,2,,1865.0,0.0
11171073,2027-03-01,31,0,0.0,0.0,22.2,,,,2,,1900.0,0.0
11171073,2027-04-01,30,0,0.0,0.0,22.2,,,,2,,1900.0,0.0
11171073,2027-05-01,31,0,0.0,0.0,21.9,,,,2,,1874.0,0.0
11171073,2027-06-01,30,0,0.0,0.0,21.6,,,,2,,1848.0,0.0
11171073,2027-07-01,31,0,0.0,0.0,21.5,,,,,,1840.0,0.0
16107790,2026-08-01,31,0,0.0,0.0,53.9,,,,1,,4612.0,0.0
16107790,2026-09-01,30,0,0.0,0.0,52.0,,,,1,,4450.0,0.0
16107790,2026-10-01,31,0,0.0,0.0,54.0,,,,1,,4621.0,0.0
16107790,2026-11-01,30,0,0.0,0.0,54.6,,,,1,,4672.0,0.0
16107790,2026-12-01,31,0,0.0,0.0,55.8,,,,1,,4775.0,0.0
16107790,2027-01-01,31,0,0.0,0.0,55.7,,,,1,,4766.0,0.0
16107790,2027-02-01,28,0,0.0,0.0,56.1,,,,1,,4800.0,0.0
16107790,2027-03-01,31,0,0.0,0.0,56.3,,,,1,,4817.0,0.0
16107790,2027-04-01,30,0,0.0,0.0,57.7,,,,,,4937.0,0.0
16107790,2027-05-01,31,0,0.0,0.0,57.8,,,,,,4946.0,0.0
16107790,2027-06-01,30,0,0.0,0.0,57.0,,,,,,4877.0,0.0
16107790,2027-07-01,31,0,0.0,0.0,57.5,,,,,,4920.0,0.0
10059855,2026-08-01,31,0,0.0,0.0,13.7,,,,1,,1172.0,0.0
10059855,2026-09-01,30,0,0.0,0.0,13.0,,,,1,,1112.0,0.0
10059855,2026-10-01,31,0,0.0,0.0,12.8,,,,1,,1095.0,0.0
10059855,2026-11-01,30,0,0.0,0.0,12.4,,,,1,,1061.0,0.0
10059855,2026-12-01,31,0,0.0,0.0,12.6,,,,1,,1078.0,0.0
10059855,2027-01-01,31,0,0.0,0.0,12.2,,,,1,,1044.0,0.0
10059855,2027-02-01,28,0,0.0,0.0,12.2,,,,1,,1044.0,0.0
10059855,2027-03-01,31,0,0.0,0.0,12.6,,,,1,,1078.0,0.0
10059855,2027-04-01,30,0,0.0,0.0,12.7,,,,1,,1087.0,0.0
10059855,2027-05-01,31,0,0.0,0.0,12.6,,,,1,,1078.0,0.0
10059855,2027-06-01,30,0,0.0,0.0,12.6,,,,1,,1078.0,0.0
10059855,2027-07-01,31,0,0.0,0.0,12.3,,,,,,1052.0,0.0
18337305,2026-08-01,31,0,0.0,0.0,23.7,,,,1,,2028.0,0.0
18337305,2026-09-01,30,0,0.0,0.0,22.3,,,,1,,1908.0,0.0
18337305,2026-10-01,31,0,0.0,0.0,22.3,,,,1,,1908.0,0.0
18337305,2026-11-01,30,0,0.0,0.0,22.3,,,,1,,1908.0,0.0
18337305,2026-12-01,31,0,0.0,0.0,22.4,,,,1,,1917.0,0.0
18337305,2027-01-01,31,0,0.0,0.0,24.9,,,,1,,2131.0,0.0
18337305,2027-02-01,28,0,0.0,0.0,24.6,,,,1,,2105.0,0.0
18337305,2027-03-01,31,0,0.0,0.0,24.8,,,,1,,2122.0,0.0
18337305,2027-04-01,30,0,0.0,0.0,24.5,,,,1,,2096.0,0.0
18337305,2027-05-01,31,0,0.0,0.0,23.7,,,,1,,2028.0,0.0
18337305,2027-06-01,30,0,0.0,0.0,23.6,,,,1,,2019.0,0.0
18337305,2027-07-01,31,0,0.0,0.0,23.7,,,,,,2028.0,0.0
10343413,2026-08-01,31,0,0.0,0.0,135.1,,,,2,,11560.0,0.0
10343413,2026-09-01,30,0,0.0,0.0,142.8,,,,2,,12219.0,0.0
10343413,2026-10-01,31,0,0.0,0.0,141.6,,,,2,,12116.0,0.0
10343413,2026-11-01,30,0,0.0,0.0,142.8,,,,2,,12219.0,0.0
10343413,2026-12-01,31,0,0.0,0.0,136.1,,,,2,,11646.0,0.0
10343413,2027-01-01,31,0,0.0,0.0,132.7,,,,2,,11355.0,0.0
10343413,2027-02-01,28,0,0.0,0.0,134.2,,,,2,,11483.0,0.0
10343413,2027-03-01,31,0,0.0,0.0,134.1,,,,2,,11475.0,0.0
10343413,2027-04-01,30,0,0.0,0.0,132.6,,,,2,,11346.0,0.0
10343413,2027-05-01,31,0,0.0,0.0,130.9,,,,2,,11201.0,0.0
10343413,2027-06-01,30,0,0.0,0.0,130.7,,,,2,,11184.0,0.0
10343413,2027-07-01,31,0,0.0,0.0,133.5,,,,2,,11423.0,0.0
402683,2026-08-01,28,3,0.097,169.0,57.7,56.3,228,1,1,4817.0,4937.0,14461.0
402683,2026-09-01,30,0,0.0,0.0,60.4,,,,1,,5168.0,0.0
402683,2026-10-01,31,0,0.0,0.0,59.5,,,,1,,5091.0,0.0
402683,2026-11-01,28,2,0.067,114.0,58.2,57.0,340,2,1,4877.0,4980.0,9755.0
402683,2026-12-01,31,0,0.0,0.0,58.5,,,,1,,5006.0,0.0
402683,2027-01-01,31,0,0.0,0.0,60.6,,,,,,5185.0,0.0
402683,2027-02-01,28,0,0.0,0.0,59.7,,,,,,5108.0,0.0
402683,2027-03-01,31,0,0.0,0.0,60.0,,,,,,5134.0,0.0
402683,2027-04-01,30,0,0.0,0.0,58.8,,,,,,5031.0,0.0
402683,2027-05-01,31,0,0.0,0.0,60.3,,,,,,5160.0,0.0
402683,2027-06-01,30,0,0.0,0.0,60.3,,,,,,5160.0,0.0
402683,2027-07-01,31,0,0.0,0.0,60.3,,,,,,5160.0,0.0
13980734,2026-08-01,31,0,0.0,0.0,21.2,,,,4,,1814.0,0.0
13980734,2026-09-01,30,0,0.0,0.0,19.9,,,,4,,1703.0,0.0
13980734,2026-10-01,31,0,0.0,0.0,20.3,,,,4,,1737.0,0.0
13980734,2026-11-01,30,0,0.0,0.0,19.8,,,,4,,1694.0,0.0
13980734,2026-12-01,31,0,0.0,0.0,20.0,,,,4,,1711.0,0.0
13980734,2027-01-01,31,0,0.0,0.0,20.3,,,,4,,1737.0,0.0
13980734,2027-02-01,28,0,0.0,0.0,19.6,,,,4,,1677.0,0.0
13980734,2027-03-01,31,0,0.0,0.0,19.6,,,,4,,1677.0,0.0
13980734,2027-04-01,30,0,0.0,0.0,19.7,,,,4,,1686.0,0.0
13980734,2027-05-01,31,0,0.0,0.0,19.9,,,,4,,1703.0,0.0
13980734,2027-06-01,30,0,0.0,0.0,19.9,,,,4,,1703.0,0.0
13980734,2027-07-01,31,0,0.0,0.0,19.8,,,,,,1694.0,0.0
17387110,2026-08-01,26,5,0.161,124.0,25.1,24.8,102,5,2,2122.0,2148.0,10610.0
17387110,2026-09-01,30,0,0.0,0.0,24.7,,,,2,,2114.0,0.0
17387110,2026-10-01,31,0,0.0,0.0,23.9,,,,2,,2045.0,0.0
17387110,2026-11-01,30,0,0.0,0.0,23.6,,,,2,,2019.0,0.0
17387110,2026-12-01,31,0,0.0,0.0,23.6,,,,2,,2019.0,0.0
17387110,2027-01-01,31,0,0.0,0.0,26.3,,,,2,,2250.0,0.0
17387110,2027-02-01,28,0,0.0,0.0,26.4,,,,2,,2259.0,0.0
17387110,2027-03-01,31,0,0.0,0.0,26.1,,,,2,,2233.0,0.0
17387110,2027-04-01,30,0,0.0,0.0,24.1,,,,2,,2062.0,0.0
17387110,2027-05-01,31,0,0.0,0.0,24.5,,,,2,,2096.0,0.0
17387110,2027-06-01,30,0,0.0,0.0,23.9,,,,2,,2045.0,0.0
17387110,2027-07-01,31,0,0.0,0.0,23.6,,,,,,2019.0,0.0
14000799,2026-08-01,31,0,0.0,0.0,38.5,,,,2,,3294.0,0.0
14000799,2026-09-01,30,0,0.0,0.0,39.2,,,,2,,3354.0,0.0
14000799,2026-10-01,31,0,0.0,0.0,37.5,,,,2,,3209.0,0.0
14000799,2026-11-01,30,0,0.0,0.0,36.6,,,,2,,3132.0,0.0
14000799,2026-12-01,31,0,0.0,0.0,36.8,,,,2,,3149.0,0.0
14000799,2027-01-01,31,0,0.0,0.0,38.3,,,,2,,3277.0,0.0
14000799,2027-02-01,28,0,0.0,0.0,39.7,,,,2,,3397.0,0.0
14000799,2027-03-01,31,0,0.0,0.0,39.8,,,,2,,3406.0,0.0
14000799,2027-04-01,30,0,0.0,0.0,39.6,,,,2,,3388.0,0.0
14000799,2027-05-01,31,0,0.0,0.0,39.4,,,,2,,3371.0,0.0
14000799,2027-06-01,30,0,0.0,0.0,39.5,,,,2,,3380.0,0.0
14000799,2027-07-01,31,0,0.0,0.0,39.5,,,,2,,3380.0,0.0
20767422,2026-08-01,31,0,0.0,0.0,35.5,,,,1,,3038.0,0.0
20767422,2026-09-01,30,0,0.0,0.0,34.7,,,,1,,2969.0,0.0
20767422,2026-10-01,31,0,0.0,0.0,33.7,,,,1,,2884.0,0.0
20767422,2026-11-01,30,0,0.0,0.0,33.6,,,,1,,2875.0,0.0
20767422,2026-12-01,31,0,0.0,0.0,33.6,,,,1,,2875.0,0.0
20767422,2027-01-01,31,0,0.0,0.0,35.7,,,,1,,3055.0,0.0
20767422,2027-02-01,28,0,0.0,0.0,35.2,,,,1,,3012.0,0.0
20767422,2027-03-01,31,0,0.0,0.0,32.7,,,,1,,2798.0,0.0
20767422,2027-04-01,30,0,0.0,0.0,32.8,,,,1,,2807.0,0.0
20767422,2027-05-01,31,0,0.0,0.0,31.9,,,,1,,2730.0,0.0
20767422,2027-06-01,30,0,0.0,0.0,31.6,,,,1,,2704.0,0.0
20767422,2027-07-01,31,0,0.0,0.0,31.8,,,,,,2721.0,0.0
10117195,2026-08-01,31,0,0.0,0.0,20.5,,,,1,,1754.0,0.0
10117195,2026-09-01,30,0,0.0,0.0,20.6,,,,1,,1763.0,0.0
10117195,2026-10-01,31,0,0.0,0.0,21.3,,,,1,,1823.0,0.0
10117195,2026-11-01,30,0,0.0,0.0,21.9,,,,1,,1874.0,0.0
10117195,2026-12-01,31,0,0.0,0.0,22.5,,,,1,,1925.0,0.0
10117195,2027-01-01,31,0,0.0,0.0,22.2,,,,1,,1900.0,0.0
10117195,2027-02-01,28,0,0.0,0.0,22.9,,,,1,,1960.0,0.0
10117195,2027-03-01,31,0,0.0,0.0,21.9,,,,1,,1874.0,0.0
10117195,2027-04-01,30,0,0.0,0.0,21.7,,,,1,,1857.0,0.0
10117195,2027-05-01,31,0,0.0,0.0,20.5,,,,1,,1754.0,0.0
10117195,2027-06-01,30,0,0.0,0.0,19.7,,,,1,,1686.0,0.0
10117195,2027-07-01,31,0,0.0,0.0,19.8,,,,,,1694.0,0.0
20779541,2026-08-01,31,0,0.0,0.0,11.9,,,,2,,1018.0,0.0
20779541,2026-09-01,30,0,0.0,0.0,11.6,,,,2,,993.0,0.0
20779541,2026-10-01,31,0,0.0,0.0,11.9,,,,2,,1018.0,0.0
20779541,2026-11-01,30,0,0.0,0.0,11.5,,,,2,,984.0,0.0
20779541,2026-12-01,31,0,0.0,0.0,11.5,,,,2,,984.0,0.0
20779541,2027-01-01,31,0,0.0,0.0,11.0,,,,2,,941.0,0.0
20779541,2027-02-01,28,0,0.0,0.0,11.0,,,,2,,941.0,0.0
20779541,2027-03-01,31,0,0.0,0.0,11.2,,,,2,,958.0,0.0
20779541,2027-04-01,30,0,0.0,0.0,10.4,,,,2,,890.0,0.0
20779541,2027-05-01,31,0,0.0,0.0,10.2,,,,2,,873.0,0.0
20779541,2027-06-01,30,0,0.0,0.0,10.3,,,,2,,881.0,0.0
20779541,2027-07-01,31,0,0.0,0.0,10.6,,,,2,,907.0,0.0
5389706,2026-08-01,31,0,0.0,0.0,37.9,,,,1,,3243.0,0.0
5389706,2026-09-01,30,0,0.0,0.0,39.1,,,,1,,3346.0,0.0
5389706,2026-10-01,31,0,0.0,0.0,41.3,,,,1,,3534.0,0.0
5389706,2026-11-01,30,0,0.0,0.0,38.4,,,,1,,3286.0,0.0
5389706,2026-12-01,31,0,0.0,0.0,38.6,,,,1,,3303.0,0.0
5389706,2027-01-01,31,0,0.0,0.0,39.0,,,,1,,3337.0,0.0
5389706,2027-02-01,28,0,0.0,0.0,38.8,,,,1,,3320.0,0.0
5389706,2027-03-01,31,0,0.0,0.0,39.3,,,,1,,3363.0,0.0
5389706,2027-04-01,30,0,0.0,0.0,38.2,,,,1,,3269.0,0.0
5389706,2027-05-01,31,0,0.0,0.0,39.3,,,,1,,3363.0,0.0
5389706,2027-06-01,30,0,0.0,0.0,35.1,,,,1,,3003.0,0.0
5389706,2027-07-01,31,0,0.0,0.0,34.0,,,,1,,2909.0,0.0
16232086,2026-08-01,31,0,0.0,0.0,39.9,,,,1,,3414.0,0.0
16232086,2026-09-01,30,0,0.0,0.0,38.6,,,,1,,3303.0,0.0
16232086,2026-10-01,31,0,0.0,0.0,35.9,,,,1,,3072.0,0.0
16232086,2026-11-01,30,0,0.0,0.0,34.1,,,,1,,2918.0,0.0
16232086,2026-12-01,31,0,0.0,0.0,35.0,,,,1,,2995.0,0.0
16232086,2027-01-01,31,0,0.0,0.0,35.6,,,,1,,3046.0,0.0
16232086,2027-02-01,28,0,0.0,0.0,34.1,,,,1,,2918.0,0.0
16232086,2027-03-01,31,0,0.0,0.0,34.6,,,,1,,2961.0,0.0
16232086,2027-04-01,30,0,0.0,0.0,34.7,,,,1,,2969.0,0.0
16232086,2027-05-01,31,0,0.0,0.0,34.7,,,,1,,2969.0,0.0
16232086,2027-06-01,30,0,0.0,0.0,34.7,,,,1,,2969.0,0.0
16232086,2027-07-01,31,0,0.0,0.0,35.5,,,,,,3038.0,0.0
7317795,2026-08-01,31,0,0.0,0.0,51.7,,,,1,,4424.0,0.0
7317795,2026-09-01,30,0,0.0,0.0,53.0,,,,1,,4535.0,0.0
7317795,2026-10-01,31,0,0.0,0.0,54.6,,,,1,,4672.0,0.0
7317795,2026-11-01,30,0,0.0,0.0,55.7,,,,1,,4766.0,0.0
7317795,2026-12-01,31,0,0.0,0.0,53.7,,,,1,,4595.0,0.0
7317795,2027-01-01,31,0,0.0,0.0,55.9,,,,1,,4783.0,0.0
7317795,2027-02-01,28,0,0.0,0.0,54.0,,,,1,,4621.0,0.0
7317795,2027-03-01,31,0,0.0,0.0,53.8,,,,1,,4604.0,0.0
7317795,2027-04-01,30,0,0.0,0.0,52.5,,,,1,,4492.0,0.0
7317795,2027-05-01,31,0,0.0,0.0,52.6,,,,1,,4501.0,0.0
7317795,2027-06-01,30,0,0.0,0.0,51.2,,,,1,,4381.0,0.0
7317795,2027-07-01,31,0,0.0,0.0,50.3,,,,1,,4304.0,0.0
7294239,2026-08-01,22,9,0.29,258.0,28.9,28.7,54,2,1,2456.0,2473.0,22077.0
7294239,2026-09-01,30,0,0.0,0.0,27.2,,,,1,,2327.0,0.0
7294239,2026-10-01,31,0,0.0,0.0,27.7,,,,1,,2370.0,0.0
7294239,2026-11-01,30,0,0.0,0.0,27.3,,,,1,,2336.0,0.0
7294239,2026-12-01,31,0,0.0,0.0,27.8,,,,1,,2379.0,0.0
7294239,2027-01-01,31,0,0.0,0.0,27.4,,,,1,,2345.0,0.0
7294239,2027-02-01,28,0,0.0,0.0,26.8,,,,1,,2293.0,0.0
7294239,2027-03-01,31,0,0.0,0.0,27.3,,,,1,,2336.0,0.0
7294239,2027-04-01,30,0,0.0,0.0,25.9,,,,1,,2216.0,0.0
7294239,2027-05-01,31,0,0.0,0.0,27.8,,,,1,,2379.0,0.0
7294239,2027-06-01,30,0,0.0,0.0,27.8,,,,1,,2379.0,0.0
7294239,2027-07-01,31,0,0.0,0.0,27.8,,,,1,,2379.0,0.0
9396923,2026-08-01,31,0,0.0,0.0,51.2,,,,2,,4381.0,0.0
9396923,2026-09-01,30,0,0.0,0.0,51.2,,,,2,,4381.0,0.0
9396923,2026-10-01,31,0,0.0,0.0,53.1,,,,2,,4544.0,0.0
9396923,2026-11-01,30,0,0.0,0.0,52.9,,,,2,,4527.0,0.0
9396923,2026-12-01,31,0,0.0,0.0,52.0,,,,2,,4450.0,0.0
9396923,2027-01-01,31,0,0.0,0.0,52.1,,,,2,,4458.0,0.0
9396923,2027-02-01,28,0,0.0,0.0,51.8,,,,2,,4432.0,0.0
9396923,2027-03-01,31,0,0.0,0.0,51.1,,,,2,,4373.0,0.0
9396923,2027-04-01,30,0,0.0,0.0,53.5,,,,2,,4578.0,0.0
9396923,2027-05-01,31,0,0.0,0.0,53.5,,,,2,,4578.0,0.0
9396923,2027-06-01,30,0,0.0,0.0,53.3,,,,2,,4561.0,0.0
9396923,2027-07-01,31,0,0.0,0.0,53.1,,,,,,4544.0,0.0
15477526,2026-08-01,31,0,0.0,0.0,71.5,,,,2,,6118.0,0.0
15477526,2026-09-01,30,0,0.0,0.0,72.1,,,,2,,6169.0,0.0
15477526,2026-10-01,31,0,0.0,0.0,72.9,,,,2,,6238.0,0.0
15477526,2026-11-01,30,0,0.0,0.0,72.6,,,,2,,6212.0,0.0
15477526,2026-12-01,31,0,0.0,0.0,72.5,,,,2,,6204.0,0.0
15477526,2027-01-01,31,0,0.0,0.0,73.6,,,,2,,6298.0,0.0
15477526,2027-02-01,28,0,0.0,0.0,74.6,,,,2,,6383.0,0.0
15477526,2027-03-01,31,0,0.0,0.0,75.1,,,,2,,6426.0,0.0
15477526,2027-04-01,30,0,0.0,0.0,74.9,,,,2,,6409.0,0.0
15477526,2027-05-01,31,0,0.0,0.0,74.8,,,,,,6400.0,0.0
15477526,2027-06-01,30,0,0.0,0.0,75.0,,,,,,6418.0,0.0
15477526,2027-07-01,31,0,0.0,0.0,75.0,,,,,,6418.0,0.0
8304751,2026-08-01,30,1,0.032,41.0,35.9,41.0,,,1,3508.0,3072.0,3508.0
8304751,2026-09-01,30,0,0.0,0.0,35.0,,,,1,,2995.0,0.0
8304751,2026-10-01,31,0,0.0,0.0,38.9,,,,1,,3329.0,0.0
8304751,2026-11-01,30,0,0.0,0.0,41.0,,,,1,,3508.0,0.0
8304751,2026-12-01,31,0,0.0,0.0,42.2,,,,1,,3611.0,0.0
8304751,2027-01-01,31,0,0.0,0.0,41.8,,,,1,,3577.0,0.0
8304751,2027-02-01,28,0,0.0,0.0,41.1,,,,1,,3517.0,0.0
8304751,2027-03-01,31,0,0.0,0.0,41.6,,,,1,,3560.0,0.0
8304751,2027-04-01,30,0,0.0,0.0,39.4,,,,1,,3371.0,0.0
8304751,2027-05-01,31,0,0.0,0.0,37.8,,,,1,,3234.0,0.0
8304751,2027-06-01,30,0,0.0,0.0,38.0,,,,1,,3252.0,0.0
8304751,2027-07-01,31,0,0.0,0.0,37.1,,,,1,,3175.0,0.0
9499587,2026-08-01,31,0,0.0,0.0,126.9,,,,1,,10859.0,0.0
9499587,2026-09-01,30,0,0.0,0.0,110.5,,,,1,,9455.0,0.0
9499587,2026-10-01,31,0,0.0,0.0,120.1,,,,1,,10277.0,0.0
9499587,2026-11-01,30,0,0.0,0.0,145.3,,,,1,,12433.0,0.0
9499587,2026-12-01,31,0,0.0,0.0,145.9,,,,1,,12484.0,0.0
9499587,2027-01-01,31,0,0.0,0.0,143.2,,,,1,,12253.0,0.0
9499587,2027-02-01,28,0,0.0,0.0,140.8,,,,1,,12048.0,0.0
9499587,2027-03-01,31,0,0.0,0.0,143.4,,,,1,,12270.0,0.0
9499587,2027-04-01,30,0,0.0,0.0,145.5,,,,1,,12450.0,0.0
9499587,2027-05-01,31,0,0.0,0.0,159.4,,,,1,,13640.0,0.0
9499587,2027-06-01,30,0,0.0,0.0,148.9,,,,1,,12741.0,0.0
9499587,2027-07-01,31,0,0.0,0.0,138.2,,,,,,11825.0,0.0
8664958,2026-08-01,15,16,0.516,397.0,24.3,24.8,,,1,2122.0,2079.0,33970.0
8664958,2026-09-01,30,0,0.0,0.0,22.9,,,,1,,1960.0,0.0
8664958,2026-10-01,31,0,0.0,0.0,22.2,,,,1,,1900.0,0.0
8664958,2026-11-01,30,0,0.0,0.0,22.0,,,,1,,1882.0,0.0
8664958,2026-12-01,31,0,0.0,0.0,21.9,,,,1,,1874.0,0.0
8664958,2027-01-01,31,0,0.0,0.0,23.4,,,,1,,2002.0,0.0
8664958,2027-02-01,28,0,0.0,0.0,23.9,,,,1,,2045.0,0.0
8664958,2027-03-01,31,0,0.0,0.0,24.2,,,,1,,2071.0,0.0
8664958,2027-04-01,30,0,0.0,0.0,24.3,,,,1,,2079.0,0.0
8664958,2027-05-01,31,0,0.0,0.0,23.5,,,,1,,2011.0,0.0
8664958,2027-06-01,30,0,0.0,0.0,23.0,,,,1,,1968.0,0.0
8664958,2027-07-01,31,0,0.0,0.0,23.0,,,,1,,1968.0,0.0
3298890,2026-08-01,31,0,0.0,0.0,20.6,,,,1,,1763.0,0.0
3298890,2026-09-01,30,0,0.0,0.0,20.5,,,,1,,1754.0,0.0
3298890,2026-10-01,31,0,0.0,0.0,20.4,,,,1,,1746.0,0.0
3298890,2026-11-01,30,0,0.0,0.0,19.7,,,,1,,1686.0,0.0
3298890,2026-12-01,31,0,0.0,0.0,19.5,,,,1,,1669.0,0.0
3298890,2027-01-01,31,0,0.0,0.0,20.0,,,,1,,1711.0,0.0
3298890,2027-02-01,28,0,0.0,0.0,19.8,,,,1,,1694.0,0.0
3298890,2027-03-01,31,0,0.0,0.0,19.8,,,,1,,1694.0,0.0
3298890,2027-04-01,30,0,0.0,0.0,20.1,,,,1,,1720.0,0.0
3298890,2027-05-01,31,0,0.0,0.0,20.0,,,,1,,1711.0,0.0
3298890,2027-06-01,30,0,0.0,0.0,20.9,,,,1,,1788.0,0.0
3298890,2027-07-01,31,0,0.0,0.0,19.5,,,,1,,1669.0,0.0
9498389,2026-08-01,31,0,0.0,0.0,77.9,,,,1,,6666.0,0.0
9498389,2026-09-01,30,0,0.0,0.0,78.0,,,,1,,6674.0,0.0
9498389,2026-10-01,31,0,0.0,0.0,77.7,,,,1,,6649.0,0.0
9498389,2026-11-01,30,0,0.0,0.0,78.4,,,,1,,6709.0,0.0
9498389,2026-12-01,31,0,0.0,0.0,78.0,,,,1,,6674.0,0.0
9498389,2027-01-01,31,0,0.0,0.0,78.5,,,,1,,6717.0,0.0
9498389,2027-02-01,28,0,0.0,0.0,78.4,,,,1,,6709.0,0.0
9498389,2027-03-01,31,0,0.0,0.0,78.4,,,,,,6709.0,0.0
9498389,2027-04-01,30,0,0.0,0.0,78.3,,,,,,6700.0,0.0
9498389,2027-05-01,31,0,0.0,0.0,77.8,,,,,,6657.0,0.0
9498389,2027-06-01,30,0,0.0,0.0,76.8,,,,,,6572.0,0.0
9498389,2027-07-01,31,0,0.0,0.0,79.2,,,,,,6777.0,0.0
6981047,2026-08-01,31,0,0.0,0.0,38.3,,,,1,,3277.0,0.0
6981047,2026-09-01,30,0,0.0,0.0,38.3,,,,1,,3277.0,0.0
6981047,2026-10-01,31,0,0.0,0.0,39.9,,,,1,,3414.0,0.0
6981047,2026-11-01,30,0,0.0,0.0,40.7,,,,1,,3483.0,0.0
6981047,2026-12-01,31,0,0.0,0.0,39.3,,,,1,,3363.0,0.0
6981047,2027-01-01,31,0,0.0,0.0,40.2,,,,1,,3440.0,0.0
6981047,2027-02-01,28,0,0.0,0.0,41.9,,,,1,,3585.0,0.0
6981047,2027-03-01,31,0,0.0,0.0,40.0,,,,1,,3423.0,0.0
6981047,2027-04-01,30,0,0.0,0.0,38.7,,,,1,,3311.0,0.0
6981047,2027-05-01,31,0,0.0,0.0,38.6,,,,1,,3303.0,0.0
6981047,2027-06-01,30,0,0.0,0.0,39.7,,,,1,,3397.0,0.0
6981047,2027-07-01,31,0,0.0,0.0,37.9,,,,1,,3243.0,0.0
7293011,2026-08-01,31,0,0.0,0.0,28.4,,,,1,,2430.0,0.0
7293011,2026-09-01,30,0,0.0,0.0,27.8,,,,1,,2379.0,0.0
7293011,2026-10-01,31,0,0.0,0.0,27.8,,,,1,,2379.0,0.0
7293011,2026-11-01,30,0,0.0,0.0,27.5,,,,1,,2353.0,0.0
7293011,2026-12-01,31,0,0.0,0.0,27.2,,,,1,,2327.0,0.0
7293011,2027-01-01,31,0,0.0,0.0,27.8,,,,1,,2379.0,0.0
7293011,2027-02-01,28,0,0.0,0.0,27.0,,,,1,,2310.0,0.0
7293011,2027-03-01,31,0,0.0,0.0,27.2,,,,1,,2327.0,0.0
7293011,2027-04-01,30,0,0.0,0.0,27.2,,,,1,,2327.0,0.0
7293011,2027-05-01,31,0,0.0,0.0,27.4,,,,1,,2345.0,0.0
7293011,2027-06-01,30,0,0.0,0.0,28.1,,,,,,2404.0,0.0
7293011,2027-07-01,31,0,0.0,0.0,29.1,,,,,,2490.0,0.0
8854842,2026-08-01,31,0,0.0,0.0,22.2,,,,1,,1900.0,0.0
8854842,2026-09-01,30,0,0.0,0.0,22.2,,,,1,,1900.0,0.0
8854842,2026-10-01,31,0,0.0,0.0,22.2,,,,1,,1900.0,0.0
8854842,2026-11-01,30,0,0.0,0.0,21.5,,,,1,,1840.0,0.0
8854842,2026-12-01,31,0,0.0,0.0,21.9,,,,1,,1874.0,0.0
8854842,2027-01-01,31,0,0.0,0.0,21.6,,,,1,,1848.0,0.0
8854842,2027-02-01,28,0,0.0,0.0,21.9,,,,1,,1874.0,0.0
8854842,2027-03-01,31,0,0.0,0.0,21.4,,,,1,,1831.0,0.0
8854842,2027-04-01,30,0,0.0,0.0,21.9,,,,1,,1874.0,0.0
8854842,2027-05-01,31,0,0.0,0.0,21.6,,,,1,,1848.0,0.0
8854842,2027-06-01,30,0,0.0,0.0,19.9,,,,1,,1703.0,0.0
8854842,2027-07-01,31,0,0.0,0.0,20.0,,,,,,1711.0,0.0
8054274,2026-08-01,31,0,0.0,0.0,20.4,,,,1,,1746.0,0.0
8054274,2026-09-01,27,3,0.1,64.0,21.0,21.3,67,3,1,1823.0,1797.0,5476.0
8054274,2026-10-01,31,0,0.0,0.0,21.7,,,,1,,1857.0,0.0
8054274,2026-11-01,30,0,0.0,0.0,21.4,,,,1,,1831.0,0.0
8054274,2026-12-01,31,0,0.0,0.0,21.2,,,,1,,1814.0,0.0
8054274,2027-01-01,31,0,0.0,0.0,21.3,,,,1,,1823.0,0.0
8054274,2027-02-01,28,0,0.0,0.0,20.3,,,,1,,1737.0,0.0
8054274,2027-03-01,31,0,0.0,0.0,20.7,,,,1,,1771.0,0.0
8054274,2027-04-01,30,0,0.0,0.0,21.2,,,,1,,1814.0,0.0
8054274,2027-05-01,31,0,0.0,0.0,20.1,,,,1,,1720.0,0.0
8054274,2027-06-01,30,0,0.0,0.0,20.2,,,,1,,1728.0,0.0
8054274,2027-07-01,31,0,0.0,0.0,19.8,,,,1,,1694.0,0.0
10580198,2026-08-01,31,0,0.0,0.0,20.8,,,,1,,1780.0,0.0
10580198,2026-09-01,30,0,0.0,0.0,17.5,,,,1,,1497.0,0.0
10580198,2026-10-01,31,0,0.0,0.0,17.5,,,,1,,1497.0,0.0
10580198,2026-11-01,30,0,0.0,0.0,17.3,,,,1,,1480.0,0.0
10580198,2026-12-01,31,0,0.0,0.0,17.2,,,,1,,1472.0,0.0
10580198,2027-01-01,31,0,0.0,0.0,17.2,,,,1,,1472.0,0.0
10580198,2027-02-01,28,0,0.0,0.0,17.6,,,,1,,1506.0,0.0
10580198,2027-03-01,31,0,0.0,0.0,18.3,,,,1,,1566.0,0.0
10580198,2027-04-01,30,0,0.0,0.0,18.4,,,,1,,1574.0,0.0
10580198,2027-05-01,31,0,0.0,0.0,18.2,,,,1,,1557.0,0.0
10580198,2027-06-01,30,0,0.0,0.0,17.5,,,,1,,1497.0,0.0
10580198,2027-07-01,31,0,0.0,0.0,17.3,,,,1,,1480.0,0.0
17111899,2026-08-01,31,0,0.0,0.0,23.5,,,,1,,2011.0,0.0
17111899,2026-09-01,30,0,0.0,0.0,24.0,,,,1,,2054.0,0.0
17111899,2026-10-01,31,0,0.0,0.0,24.7,,,,1,,2114.0,0.0
17111899,2026-11-01,30,0,0.0,0.0,25.8,,,,1,,2208.0,0.0
17111899,2026-12-01,31,0,0.0,0.0,25.5,,,,1,,2182.0,0.0
17111899,2027-01-01,31,0,0.0,0.0,25.0,,,,1,,2139.0,0.0
17111899,2027-02-01,28,0,0.0,0.0,25.5,,,,1,,2182.0,0.0
17111899,2027-03-01,31,0,0.0,0.0,25.8,,,,1,,2208.0,0.0
17111899,2027-04-01,30,0,0.0,0.0,24.1,,,,1,,2062.0,0.0
17111899,2027-05-01,31,0,0.0,0.0,23.1,,,,1,,1977.0,0.0
17111899,2027-06-01,30,0,0.0,0.0,22.1,,,,1,,1891.0,0.0
17111899,2027-07-01,31,0,0.0,0.0,22.1,,,,,,1891.0,0.0
565071,2026-08-01,31,0,0.0,0.0,38.3,,,,2,,3277.0,0.0
565071,2026-09-01,30,0,0.0,0.0,39.7,,,,2,,3397.0,0.0
565071,2026-10-01,31,0,0.0,0.0,38.2,,,,2,,3269.0,0.0
565071,2026-11-01,30,0,0.0,0.0,36.6,,,,2,,3132.0,0.0
565071,2026-12-01,31,0,0.0,0.0,36.4,,,,2,,3115.0,0.0
565071,2027-01-01,31,0,0.0,0.0,36.5,,,,2,,3123.0,0.0
565071,2027-02-01,28,0,0.0,0.0,36.5,,,,2,,3123.0,0.0
565071,2027-03-01,31,0,0.0,0.0,36.8,,,,2,,3149.0,0.0
565071,2027-04-01,30,0,0.0,0.0,37.1,,,,2,,3175.0,0.0
565071,2027-05-01,31,0,0.0,0.0,36.6,,,,2,,3132.0,0.0
565071,2027-06-01,30,0,0.0,0.0,36.8,,,,2,,3149.0,0.0
565071,2027-07-01,31,0,0.0,0.0,36.2,,,,2,,3098.0,0.0
20950199,2026-08-01,31,0,0.0,0.0,39.9,,,,2,,3414.0,0.0
20950199,2026-09-01,30,0,0.0,0.0,39.6,,,,2,,3388.0,0.0
20950199,2026-10-01,31,0,0.0,0.0,38.9,,,,2,,3329.0,0.0
20950199,2026-11-01,30,0,0.0,0.0,38.2,,,,2,,3269.0,0.0
20950199,2026-12-01,31,0,0.0,0.0,38.9,,,,2,,3329.0,0.0
20950199,2027-01-01,31,0,0.0,0.0,39.7,,,,2,,3397.0,0.0
20950199,2027-02-01,28,0,0.0,0.0,37.8,,,,2,,3234.0,0.0
20950199,2027-03-01,31,0,0.0,0.0,37.7,,,,2,,3226.0,0.0
20950199,2027-04-01,30,0,0.0,0.0,37.4,,,,2,,3200.0,0.0
20950199,2027-05-01,31,0,0.0,0.0,37.4,,,,2,,3200.0,0.0
20950199,2027-06-01,30,0,0.0,0.0,37.7,,,,,,3226.0,0.0
20950199,2027-07-01,31,0,0.0,0.0,38.4,,,,,,3286.0,0.0
11977900,2026-08-01,31,0,0.0,0.0,78.8,,,,5,,6743.0,0.0
11977900,2026-09-01,13,17,0.567,1405.0,81.3,82.6,50,17,5,7068.0,6957.0,120223.0
11977900,2026-10-01,31,0,0.0,0.0,94.3,,,,5,,8069.0,0.0
11977900,2026-11-01,21,9,0.3,768.0,81.9,85.3,197,9,5,7299.0,7008.0,65716.0
11977900,2026-12-01,31,0,0.0,0.0,77.7,,,,5,,6649.0,0.0
11977900,2027-01-01,31,0,0.0,0.0,76.3,,,,5,,6529.0,0.0
11977900,2027-02-01,28,0,0.0,0.0,75.9,,,,5,,6495.0,0.0
11977900,2027-03-01,31,0,0.0,0.0,75.2,,,,5,,6435.0,0.0
11977900,2027-04-01,30,0,0.0,0.0,74.9,,,,5,,6409.0,0.0
11977900,2027-05-01,31,0,0.0,0.0,75.5,,,,5,,6460.0,0.0
11977900,2027-06-01,30,0,0.0,0.0,76.5,,,,5,,6546.0,0.0
11977900,2027-07-01,31,0,0.0,0.0,78.5,,,,5,,6717.0,0.0
14455547,2026-08-01,31,0,0.0,0.0,60.4,,,,2,,5168.0,0.0
14455547,2026-09-01,30,0,0.0,0.0,58.0,,,,2,,4963.0,0.0
14455547,2026-10-01,31,0,0.0,0.0,58.2,,,,2,,4980.0,0.0
14455547,2026-11-01,30,0,0.0,0.0,58.5,,,,2,,5006.0,0.0
14455547,2026-12-01,31,0,0.0,0.0,57.5,,,,2,,4920.0,0.0
14455547,2027-01-01,31,0,0.0,0.0,58.4,,,,2,,4997.0,0.0
14455547,2027-02-01,28,0,0.0,0.0,59.1,,,,2,,5057.0,0.0
14455547,2027-03-01,31,0,0.0,0.0,59.4,,,,2,,5083.0,0.0
14455547,2027-04-01,30,0,0.0,0.0,59.4,,,,2,,5083.0,0.0
14455547,2027-05-01,31,0,0.0,0.0,60.1,,,,2,,5143.0,0.0
14455547,2027-06-01,30,0,0.0,0.0,60.5,,,,2,,5177.0,0.0
14455547,2027-07-01,31,0,0.0,0.0,60.2,,,,2,,5151.0,0.0
