listing_id,date,num_reviews,reviewers
18628295,2026-06-01,1,725170135
18628295,2026-03-01,1,197046821
18628295,2026-01-01,2,"483025244,286701159"
18628295,2025-10-01,1,688599861
17373775,2026-05-01,3,"62367051,482347081,403717336"
17373775,2026-04-01,1,83840833
17373775,2026-03-01,2,"413810646,196038869"
17373775,2026-02-01,2,"8089326,413810646"
17373775,2026-01-01,3,"678124998,48838139,5887031"
17373775,2025-12-01,3,"92958906,515046023,37314"
17373775,2025-11-01,5,"481079760,19220055,136975264,21014417,39764787"
17373775,2025-09-01,3,"436235006,12101288,718339540"
17373775,2025-08-01,1,158791513
7317795,2026-05-01,2,"476313652,251925151"
7317795,2026-03-01,1,556807009
7317795,2026-01-01,1,224431248
7317795,2026-06-01,2,"674086563,462097432"
7317795,2025-12-01,1,224431248
7317795,2025-08-01,1,426450516
10082854,2026-04-01,1,687929208
9080924,2026-05-01,1,28147307
9080924,2026-03-01,1,58421430
9080924,2026-01-01,1,29992368
9080924,2026-04-01,1,28147307
9080924,2025-10-01,1,686011003
10117195,2026-05-01,1,388146679
10117195,2026-04-01,1,685191552
10117195,2026-01-01,1,460862574
9499587,2026-04-01,1,202015676
9499587,2025-12-01,1,241964536
9499587,2025-11-01,1,122190613
9499587,2025-09-01,1,141813556
7608723,2026-03-01,1,742794810
7608723,2026-01-01,3,"562521230,681325299,736412268"
7608723,2025-09-01,1,679874022
7608723,2026-04-01,3,"697771233,754077370,746842521"
7608723,2026-02-01,1,570542798
7608723,2025-12-01,3,"60874631,581081310,582809954"
7608723,2025-08-01,1,701654261
7792552,2026-01-01,1,697766739
7792552,2026-06-01,2,"678169334,326589077"
8057065,2026-03-01,1,528061968
8057065,2025-10-01,2,"426295532,718910126"
8057065,2026-01-01,1,654729813
8057065,2025-09-01,1,206689679
8057065,2025-12-01,1,653247245
8057065,2025-08-01,2,"168331910,498041353"
10083156,2026-05-01,4,"541249826,1690364462305937523,1690364462305937523,660626323"
10083156,2026-03-01,2,"702884557,723100921"
10083156,2025-09-01,2,"28151683,676194982"
10083156,2026-01-01,1,446269975
10083156,2026-06-01,2,"756553983,674387910"
10083156,2025-08-01,1,205152305
10083156,2025-12-01,3,"383901012,568517483,706604012"
9396923,2026-03-01,1,746186002
9396923,2026-01-01,3,"737897708,547696555,253611460"
9396923,2025-11-01,1,479471303
9396923,2025-09-01,1,717546119
9396923,2026-04-01,1,450907242
9396923,2025-12-01,3,"507290085,121489144,478694575"
9396923,2025-10-01,1,305505793
9396923,2026-02-01,1,559777727
15477526,2026-02-01,1,157752738
15477526,2025-11-01,2,"432485949,551555474"
10343413,2025-12-01,1,584965548
10343413,2025-11-01,2,"81761771,212918403"
10343413,2025-08-01,1,31776791
10343413,2026-05-01,2,"117462537,116049350"
10343413,2026-01-01,2,"31665137,44389582"
8452000,2026-04-01,3,"328610845,504108035,492276118"
8452000,2026-03-01,2,"691626234,691626234"
8452000,2026-02-01,3,"66938558,691626234,744093026"
8452000,2025-09-01,1,217478560
8452000,2025-11-01,2,"727095912,225012063"
8452000,2025-10-01,2,"672879412,473027778"
8452000,2025-12-01,4,"442158887,43833257,8593772,21931428"
8452000,2026-01-01,3,"684919671,468642489,579202828"
17372942,2026-04-01,3,"718339540,446647595,2238185"
17372942,2026-01-01,2,"445943076,37769573"
17372942,2025-12-01,3,"427788252,312575729,486605354"
17372942,2025-08-01,1,315615
15823544,2025-12-01,1,490795931
15823544,2025-08-01,1,386371875
1477070,2026-03-01,1,531262998
1477070,2026-02-01,1,152567966
1477070,2025-12-01,1,15718512
21086638,2026-05-01,3,"1675447163017396321,692631260,213898042"
21086638,2025-09-01,2,"568743723,212634897"
21086638,2026-06-01,1,692760279
21086638,2026-02-01,1,234304828
21086638,2025-10-01,2,"588891197,220042694"
21086638,2025-08-01,1,703495419
15849845,2026-05-01,1,730052671
15849845,2026-03-01,2,"329146729,716891503"
15849845,2025-11-01,2,"493271016,437232976"
15849845,2025-09-01,2,"713950203,670864481"
15849845,2026-04-01,1,540689308
15849845,2026-02-01,4,"50987904,744435089,710183617,712747037"
15849845,2025-12-01,2,"392941414,573205875"
15849845,2025-10-01,1,661619721
15849845,2025-08-01,2,"108718695,540689308"
19619538,2026-07-01,1,17392382
19619538,2026-05-01,1,5194330
19619538,2026-03-01,3,"538899299,468702773,61930060"
19619538,2025-11-01,1,6110901
19619538,2026-01-01,2,"5905537,28641826"
19619538,2026-04-01,3,"482595564,157512159,247842208"
19619538,2025-08-01,3,"20567636,297416477,140534858"
19619538,2025-12-01,3,"213902690,34218883,721568772"
19619538,2026-02-01,2,"16225723,271448465"
15850216,2026-05-01,2,"234725761,573205875"
15850216,2025-09-01,2,"95297960,46354272"
15850216,2026-01-01,3,"737637234,432276508,15546058"
15850216,2026-04-01,1,551884549
15850216,2025-08-01,3,"481795698,655256724,276847668"
18482526,2025-12-01,1,479869788
18482526,2026-05-01,1,706055864
18482526,2026-06-01,1,706055864
20718538,2026-07-01,1,44467696
20718538,2026-05-01,2,"463171155,446268246"
20718538,2026-03-01,1,130194632
20718538,2026-01-01,1,243030666
20718538,2025-11-01,2,"717715235,560444648"
20718538,2025-09-01,1,154916871
20718538,2026-06-01,1,554583213
20718538,2026-04-01,2,"1664340245664303805,274145907"
20718538,2026-02-01,2,"436869911,108578632"
20718538,2025-12-01,3,"664918652,447334055,194460227"
3298890,2026-07-01,1,7886594
3298890,2026-06-01,1,569334393
3298890,2026-05-01,1,464527239
3298890,2026-04-01,2,"729471001,1669672208826611889"
3298890,2026-03-01,2,"539393193,570180494"
3298890,2025-09-01,2,"427708598,142074177"
3298890,2025-11-01,2,"515520878,91889400"
3298890,2025-10-01,1,450472481
3298890,2025-12-01,1,558136360
3298890,2026-01-01,1,566124683
3298890,2026-02-01,2,"102453600,15699576"
9498389,2025-12-01,1,124014542
7484624,2026-05-01,2,"1675109288695148469,588653763"
7484624,2026-03-01,3,"733194309,728731994,744659007"
7484624,2026-01-01,1,729442122
7484624,2025-11-01,1,723804717
7484624,2025-09-01,1,413317875
7484624,2026-04-01,2,"478581095,462841174"
7484624,2026-02-01,4,"735868085,743524557,534170085,231416623"
7484624,2025-10-01,2,"705883087,653424419"
10059855,2026-05-01,1,452774226
10059855,2026-04-01,1,543299491
10059855,2026-02-01,1,54430663
10059855,2025-11-01,1,465834934
20767422,2026-05-01,4,"370373700,655936881,3554897,107739966"
20767422,2026-03-01,5,"473496792,280940489,431366475,71769468,727585344"
20767422,2025-09-01,1,416298565
20767422,2026-01-01,1,725097835
20767422,2026-04-01,3,"753532984,130369672,107630884"
20767422,2025-08-01,4,"711563083,254562590,662971768,391638190"
20767422,2025-10-01,6,"107630884,379268633,692741628,582220632,580731925,316824921"
20767422,2025-12-01,3,"151846695,231626854,280864431"
5081221,2026-06-01,2,"95539811,1707423181906167522"
5081221,2026-05-01,1,707456618
5081221,2026-04-01,3,"492984416,349124088,756997120"
5081221,2026-03-01,1,447022024
5081221,2026-02-01,1,725840329
5081221,2026-01-01,3,"680923333,683189836,715843880"
5081221,2025-12-01,3,"733874096,734353416,715843880"
5081221,2025-11-01,1,561808240
5081221,2025-09-01,1,707048966
5081221,2025-08-01,2,"680923333,485421242"
11171073,2026-07-01,1,453884028
11171073,2026-02-01,2,"69198513,107203045"
11171073,2026-01-01,1,492023859
11171073,2025-12-01,1,212918403
11171073,2025-10-01,1,447183462
11171073,2025-09-01,1,105746002
11171073,2025-08-01,1,657084691
13701577,2025-11-01,3,"201580177,661484851,464639112"
13701577,2025-09-01,2,"311299500,464639112"
13701577,2025-12-01,2,"282323916,337678694"
13701577,2025-10-01,1,675464940
13701577,2025-08-01,2,"551233907,668911887"
10091323,2026-05-01,2,"106797231,57077127"
10091323,2026-02-01,1,516989026
13980734,2026-05-01,1,3554897
13980734,2025-09-01,1,505617317
13980734,2026-03-01,1,419583842
13980734,2025-12-01,1,561485953
13980734,2025-10-01,1,47075285
13980734,2025-08-01,2,"25546340,441553164"
17387110,2026-05-01,8,"163735354,297792577,751329844,82456390,751340386,487418123,103072603,188728147"
17387110,2026-04-01,5,"251905268,752162271,132570592,319598297,481800388"
17387110,2026-03-01,3,"745794627,77287960,661944301"
17387110,2026-02-01,4,"524619557,122603306,662336922,655083050"
17387110,2026-01-01,4,"161800579,42548047,115271823,37813529"
17387110,2025-12-01,3,"504702490,337876975,131365333"
17387110,2025-11-01,8,"275336233,73350922,487418123,498324613,665938701,249654777,12938961,43379828"
17387110,2025-10-01,6,"720022083,94384892,705075018,240402049,721802647,458739653"
17387110,2025-09-01,5,"673547832,225710364,719169511,719703388,265394504"
15850031,2025-09-01,1,494638469
15850031,2025-11-01,1,73413148
15850031,2025-08-01,2,"571181277,229475663"
15850031,2025-12-01,1,573205875
15850031,2026-02-01,3,"498803404,470363424,748533592"
14455547,2025-11-01,2,"366112546,145988886"
14455547,2025-09-01,1,436235006
14455547,2025-10-01,1,300653462
14455547,2025-12-01,1,44836159
14455547,2026-02-01,1,107955095
5921076,2025-10-01,4,"372911264,676079562,538624,674110294"
5921076,2025-11-01,4,"689721261,727330140,564147778,48459920"
5921076,2025-12-01,3,"729986672,105124618,731081374"
5921076,2025-09-01,2,"693845658,371749521"
5080992,2026-03-01,2,"651797437,734054375"
5080992,2025-09-01,4,"678401038,484316165,39429441,713300417"
5080992,2025-11-01,8,"80593500,425726497,726139285,661406588,268256322,695240298,314996885,717001672"
5080992,2026-01-01,2,"446339207,574031413"
5080992,2026-04-01,4,"710967672,571815935,715805047,490041737"
5080992,2026-02-01,2,"452334465,667872518"
5080992,2025-08-01,2,"132306352,706316211"
5080992,2025-10-01,5,"25482597,687900033,405994003,721011487,651672581"
5080992,2025-12-01,2,"693271440,435024269"
10474881,2026-05-01,3,"652871793,1676914654856645137,752432097"
10474881,2026-03-01,1,501583294
10474881,2026-01-01,2,"386520969,740357574"
10474881,2025-09-01,1,681937391
10474881,2026-04-01,3,"321227628,506509498,717509576"
10474881,2026-02-01,1,445983906
10474881,2025-12-01,3,"377508915,55591308,521285873"
10474881,2025-10-01,1,528916518
10474881,2025-08-01,3,"598860087,108435673,593273397"
16104987,2026-05-01,1,751905697
16104987,2026-03-01,1,582374046
16104987,2026-01-01,1,490729849
16104987,2025-09-01,6,"108718695,108718695,108718695,378563082,504454927,489221587"
16104987,2026-06-01,1,755461591
16104987,2026-04-01,1,579387960
16104987,2026-02-01,1,261872234
16104987,2025-12-01,1,381506185
16104987,2025-10-01,1,108718695
16104987,2025-08-01,1,287003349
11977900,2025-08-01,1,20962770
17429607,2026-03-01,1,738695185
17429607,2025-11-01,1,713780066
17429607,2025-10-01,1,84198946
16222841,2026-05-01,2,"58017379,573205875"
16222841,2025-11-01,2,"426622528,681716069"
16222841,2026-06-01,2,"260313152,238306915"
16222841,2026-04-01,1,439817354
16222841,2026-02-01,2,"391230603,391230603"
16222841,2025-08-01,2,"540689308,548171967"
10203476,2026-03-01,2,"410482902,705313990"
10203476,2026-01-01,3,"160081556,228570147,595550451"
10203476,2025-11-01,1,675624322
10203476,2025-09-01,1,566307106
10203476,2026-06-01,1,396413603
10203476,2026-02-01,1,707510312
10203476,2025-12-01,1,115591782
10203476,2025-08-01,3,"709544322,387721504,706227518"
13707553,2026-03-01,1,217197738
13707553,2025-12-01,1,168370968
13707553,2025-10-01,1,91482368
13707553,2026-01-01,1,198807377
20779541,2026-01-01,1,276163864
20779541,2025-11-01,1,549867801
20779541,2025-09-01,1,686612617
20779541,2026-02-01,1,420583829
20779541,2025-10-01,1,206949411
8304751,2026-01-01,1,208590124
8304751,2025-11-01,2,"333197616,333197616"
8304751,2025-09-01,2,"490586138,509196085"
8304751,2026-06-01,2,"532545148,74143606"
8304751,2026-04-01,2,"153511415,715020550"
8304751,2026-02-01,1,463649558
8304751,2025-12-01,2,"321018840,727231244"
8304751,2025-10-01,1,357765910
8304751,2025-08-01,2,"231242590,674573588"
4847169,2026-01-01,1,468993112
4847169,2025-12-01,1,49934167
20143057,2025-11-01,1,445311989
20143057,2026-01-01,1,215319897
20143057,2026-02-01,1,301601590
20143057,2026-03-01,1,747422069
7294239,2026-05-01,1,1691089614906031101
7294239,2025-11-01,1,497691480
7294239,2025-09-01,1,473529771
19049935,2025-12-01,1,144444447
19049935,2025-10-01,1,703918211
19049935,2026-02-01,1,166315495
19049935,2026-05-01,1,488454100
19049935,2025-09-01,1,529857172
20594104,2026-05-01,2,"443848324,475982449"
20594104,2026-03-01,2,"733515856,46828489"
20594104,2026-01-01,2,"733239786,519724901"
20594104,2025-11-01,1,234617870
20594104,2025-09-01,2,"677158057,719945384"
20594104,2026-06-01,2,"288316186,575746092"
20594104,2026-04-01,2,"553325259,402677397"
20594104,2026-02-01,2,"104456437,395218028"
20594104,2025-12-01,2,"731229733,143344408"
20594104,2025-10-01,2,"75756232,322521722"
8696450,2026-03-01,1,27584490
8696450,2025-12-01,1,50102276
8696450,2025-10-01,2,"661349062,94384892"
17048293,2026-05-01,1,1693489547696314869
19559735,2026-02-01,1,691156301
19559735,2026-03-01,1,55868333
19559735,2026-05-01,1,110820957
7293011,2025-12-01,1,596754104
14000799,2026-07-01,1,212550006
14000799,2026-05-01,1,694052243
14000799,2026-03-01,2,"522729751,193526917"
14000799,2026-01-01,2,"677097306,84613937"
14000799,2025-11-01,4,"128179995,83025875,416242890,94203867"
14000799,2025-09-01,4,"485403552,420832236,320681279,336777529"
14000799,2026-04-01,1,145680638
14000799,2026-02-01,2,"243901731,24579901"
14000799,2025-12-01,2,"28639508,89559308"
14000799,2025-10-01,2,"94384892,51191383"
14000799,2025-08-01,1,223275993
19098585,2026-05-01,1,336207681
19098585,2026-03-01,3,"742746099,458411354,752366056"
19098585,2026-01-01,2,"191004748,266013840"
19098585,2026-04-01,1,753245914
19098585,2026-02-01,3,"733841304,561493060,31194438"
19098585,2025-12-01,5,"451749919,731422237,661015017,508822478,392046019"
19098585,2025-10-01,2,"441675785,706016155"
19098585,2025-08-01,3,"52159064,713343521,385439650"
2140462,2025-09-01,1,716209810
2140462,2025-11-01,2,"49244596,148643682"
2140462,2025-12-01,1,522418880
2140462,2026-02-01,1,664501830
18922644,2026-05-01,1,727838267
18922644,2026-03-01,5,"500406097,460513995,701256661,271195280,729089003"
18922644,2026-01-01,4,"727307100,562509709,739011256,380442449"
18922644,2025-11-01,2,"512648959,398152416"
18922644,2025-09-01,3,"561219881,262355385,557637738"
18922644,2025-12-01,3,"435127604,390459641,110656863"
18922644,2025-10-01,1,671574431
18922644,2025-08-01,2,"508715913,666181241"
13565486,2026-01-01,1,423752621
13565486,2026-05-01,1,176693081
13565486,2025-12-01,1,166315495
8995269,2026-07-01,1,54778665
8995269,2026-05-01,3,"564978323,380532332,376482421"
8995269,2026-01-01,2,"737077217,385332232"
8995269,2025-10-01,1,567476870
8995269,2025-12-01,1,188470614
8995269,2026-06-01,2,"270488528,235164696"
19406549,2025-11-01,2,"716288899,495968043"
19406549,2025-10-01,1,675335940
8659336,2026-04-01,1,63879158
8659336,2026-03-01,1,63879158
8659336,2025-11-01,1,163758221
8659336,2025-10-01,2,"132886328,132886328"
6249525,2026-05-01,1,705361318
6249525,2026-04-01,2,"158433546,757174814"
6249525,2025-10-01,2,"382485662,163454810"
4550159,2026-05-01,3,"729694919,1691308847611297616,666892997"
4550159,2026-03-01,2,"743728146,225012063"
4550159,2026-01-01,3,"227288867,339458245,557011664"
4550159,2025-09-01,2,"702156789,243880377"
4550159,2026-06-01,2,"752108536,143756821"
4550159,2026-04-01,2,"569812644,316824921"
4550159,2026-02-01,2,"64926652,672047338"
4550159,2025-12-01,2,"438015526,691918817"
4550159,2025-08-01,3,"179366997,702156789,9436944"
4039219,2026-04-01,3,"193245563,225747424,712402354"
4039219,2026-01-01,2,"738195687,667722720"
4039219,2025-12-01,1,343275548
4039219,2025-11-01,2,"272382631,728441090"
4039219,2025-10-01,4,"721444051,723003307,655711892,706319771"
4039219,2025-09-01,2,"716350780,690761549"
494512,2025-09-01,1,448808618
20782744,2025-10-01,1,717379706
5389706,2026-05-01,3,"1674819426402119916,751169342,1693329951839824313"
5389706,2025-11-01,3,"184013225,300616111,541171113"
5389706,2025-09-01,1,349321989
5389706,2026-01-01,5,"713001030,449154829,49854073,77252224,742746099"
5389706,2026-06-01,4,"511602737,662823337,1698436347728397005,1699469215786997156"
5389706,2026-04-01,2,"1659199865398458805,682887610"
5389706,2026-02-01,2,"65170409,158862248"
5389706,2025-12-01,2,"99959457,39933145"
5389706,2025-10-01,1,210571874
20006018,2026-03-01,2,"410482902,570885943"
20006018,2026-01-01,1,587685477
20006018,2026-04-01,2,"566307287,425989900"
20006018,2026-02-01,1,85283799
20006018,2025-12-01,2,"131871559,438313769"
4900646,2026-05-01,2,"396570167,416933128"
4900646,2026-04-01,1,445477220
4900646,2026-03-01,2,"698657804,572845181"
4900646,2026-02-01,1,253840971
4900646,2025-12-01,1,192855646
4900646,2025-10-01,2,"659359229,470332572"
4900646,2025-09-01,1,138017358
18054124,2026-05-01,1,140241089
18054124,2026-03-01,1,299992927
18054124,2026-01-01,2,"181254416,125339730"
18054124,2025-11-01,2,"128943496,726772671"
18054124,2025-09-01,3,"97185738,91095401,658778649"
18054124,2026-06-01,4,"748815366,45580602,451028311,82549939"
18054124,2026-04-01,1,194017916
13400094,2026-02-01,1,693111016
13400094,2025-09-01,1,534156132
8664958,2026-02-01,1,272918844
6554393,2026-07-01,6,"1712876814254619468,719744919,1691377679017086537,415655668,112783853,694548704"
6554393,2026-05-01,2,"515456886,21879197"
6554393,2025-09-01,3,"716276484,673343922,490719618"
6554393,2026-06-01,2,"1699076520095513228,710538388"
6554393,2026-04-01,2,"567320337,719340578"
6554393,2026-02-01,2,"459893588,172096829"
6554393,2025-12-01,2,"61112952,90656636"
6554393,2025-10-01,1,715685874
16773824,2026-06-01,1,562031332
16773824,2026-02-01,3,"570690425,744731903,584566797"
16773824,2025-09-01,3,"707489810,526088970,574328147"
565071,2025-11-01,1,386695344
565071,2025-10-01,1,556880742
565071,2026-02-01,3,"44038055,14388301,13163674"
565071,2025-09-01,1,57318487
565071,2025-12-01,3,"24826669,467360571,435539929"
565071,2025-08-01,1,156655584
20950199,2026-05-01,1,370573104
20950199,2025-09-01,3,"516147111,207747701,59614967"
20950199,2025-11-01,3,"163154512,191679463,46576145"
20950199,2026-01-01,1,738782719
20950199,2026-02-01,1,742746393
20950199,2025-08-01,3,"108068279,421052593,421396933"
20950199,2025-10-01,2,"274826527,373159719"
20950199,2025-12-01,1,591513948
8854842,2026-04-01,1,732886678
8854842,2026-03-01,1,358437
8854842,2025-12-01,1,597515188
8854842,2025-10-01,1,673343922
8854842,2026-01-01,2,"509861615,691447933"
18607456,2026-05-01,2,"462619779,63051714"
18607456,2025-09-01,4,"383172606,714824334,715963538,529148147"
18607456,2026-04-01,3,"360712459,734002415,430798223"
18607456,2025-12-01,4,"541824285,541127592,492294426,35088162"
18607456,2025-10-01,3,"721071856,10461377,719099688"
18607456,2025-08-01,3,"691748661,710972953,541108854"
17546275,2025-09-01,1,104165763
6981047,2026-07-01,3,"9420595,1718621634596379452,474654291"
6981047,2026-05-01,1,72986075
6981047,2026-03-01,1,252249180
6981047,2026-01-01,6,"396766628,224431248,28407070,278252047,446589399,390430121"
6981047,2025-11-01,1,212084180
6981047,2025-09-01,1,571065856
6981047,2026-06-01,1,276492003
6981047,2026-02-01,1,366584519
6981047,2025-12-01,3,"4779945,224431248,86235188"
6981047,2025-10-01,1,453619013
6981047,2025-08-01,2,"579428031,178918416"
14859586,2026-03-01,1,729698440
14859586,2026-05-01,2,"256903425,753918390"
18337305,2025-08-01,1,667114509
8054274,2025-11-01,2,"685092546,129133891"
8054274,2026-01-01,1,66938558
8054274,2025-08-01,2,"128939129,452695555"
8054274,2026-02-01,1,235995718
10580198,2026-05-01,1,486292808
10580198,2025-11-01,5,"220480888,447769878,665951898,83628006,466486337"
10580198,2025-09-01,2,"205041068,408086613"
10580198,2026-01-01,3,"739117166,738866089,447769878"
10580198,2026-06-01,1,507343039
10580198,2026-04-01,1,507881777
10580198,2026-02-01,1,29955007
10580198,2025-12-01,2,"701310805,668372216"
10580198,2025-10-01,1,571181277
17111899,2026-03-01,2,"731304143,506859138"
17111899,2026-02-01,2,"657893332,730212029"
17111899,2025-12-01,1,729784052
17111899,2025-11-01,1,682292948
17111899,2025-09-01,1,506859138
10935326,2026-05-01,4,"589043995,268640043,1690364462305937523,1690364462305937523"
10935326,2026-03-01,3,"667686973,667686973,667686973"
10935326,2025-11-01,3,"719764445,546409105,730960484"
10935326,2026-06-01,1,1695559960371472727
10935326,2026-04-01,2,"533013009,563523629"
10935326,2026-02-01,1,687953934
10935326,2025-12-01,1,581713737
10935326,2025-08-01,2,"430479733,47946393"
